Alabaster, Alabama
Albertville, Alabama
Alexander City, Alabama
Andalusia, Alabama
Anniston, Alabama
Arab, Alabama
Athens, Alabama
Atmore, Alabama
Attalla, Alabama
Auburn, Alabama
Bay Minette, Alabama
Bessemer, Alabama
Birmingham, Alabama
Boaz, Alabama
Brewton, Alabama
Calera, Alabama
Center Point, Alabama
Chelsea, Alabama
Chickasaw, Alabama
Childersburg, Alabama
Clanton, Alabama
Clay, Alabama
Cullman, Alabama
Daleville, Alabama
Daphne, Alabama
Decatur, Alabama
Demopolis, Alabama
Dothan, Alabama
Enterprise, Alabama
Eufaula, Alabama
Fairfield, Alabama
Fairhope, Alabama
Florence, Alabama
Foley, Alabama
Fort Payne, Alabama
Fultondale, Alabama
Gadsden, Alabama
Gardendale, Alabama
Glencoe, Alabama
Greenville, Alabama
Gulf Shores, Alabama
Guntersville, Alabama
Hamilton, Alabama
Hartselle, Alabama
Helena, Alabama
Homewood, Alabama
Hoover, Alabama
Hueytown, Alabama
Huntsville, Alabama
Irondale, Alabama
Jackson, Alabama
Jacksonville, Alabama
Jasper, Alabama
Lanett, Alabama
Leeds, Alabama
Lincoln, Alabama
Madison, Alabama
Midfield, Alabama
Millbrook, Alabama
Mobile, Alabama
Monroeville, Alabama
Montevallo, Alabama
Montgomery, Alabama
Moody, Alabama
Mountain Brook, Alabama
Muscle Shoals, Alabama
Northport, Alabama
Oneonta, Alabama
Opelika, Alabama
Opp, Alabama
Orange Beach, Alabama
Oxford, Alabama
Ozark, Alabama
Pelham, Alabama
Pell City, Alabama
Phenix City, Alabama
Pike Road, Alabama
Pinson, Alabama
Pleasant Grove, Alabama
Prattville, Alabama
Prichard, Alabama
Rainbow City, Alabama
Roanoke, Alabama
Robertsdale, Alabama
Russellville, Alabama
Saraland, Alabama
Satsuma, Alabama
Scottsboro, Alabama
Selma, Alabama
Sheffield, Alabama
Smiths Station, Alabama
Southside, Alabama
Spanish Fort, Alabama
Sylacauga, Alabama
Talladega, Alabama
Tarrant, Alabama
Troy, Alabama
Trussville, Alabama
Tuscaloosa, Alabama
Tuscumbia, Alabama
Tuskegee, Alabama
Valley, Alabama
Vestavia Hills, Alabama
Wetumpka, Alabama
Anchorage, Alaska
Bethel, Alaska
Fairbanks, Alaska
Homer, Alaska
Juneau, Alaska
Kenai, Alaska
Ketchikan, Alaska
Kodiak, Alaska
Palmer, Alaska
Sitka, Alaska
Wasilla, Alaska
Apache Junction, Arizona
Avondale, Arizona
Benson, Arizona
Bisbee, Arizona
Buckeye, Arizona
Bullhead City, Arizona
Camp Verde, Arizona
Casa Grande, Arizona
Cave Creek, Arizona
Chandler, Arizona
Chino Valley, Arizona
Coolidge, Arizona
Cottonwood, Arizona
Douglas, Arizona
Eagar, Arizona
El Mirage, Arizona
Eloy, Arizona
Flagstaff, Arizona
Florence, Arizona
Fountain Hills, Arizona
Gilbert, Arizona
Glendale, Arizona
Globe, Arizona
Goodyear, Arizona
Guadalupe, Arizona
Holbrook, Arizona
Kingman, Arizona
Lake Havasu City, Arizona
Litchfield Park, Arizona
Marana, Arizona
Maricopa, Arizona
Mesa, Arizona
Nogales, Arizona
Oro Valley, Arizona
Page, Arizona
Paradise Valley, Arizona
Payson, Arizona
Peoria, Arizona
Phoenix, Arizona
Prescott, Arizona
Prescott Valley, Arizona
Queen Creek, Arizona
Safford, Arizona
Sahuarita, Arizona
San Luis, Arizona
Scottsdale, Arizona
Sedona, Arizona
Show Low, Arizona
Sierra Vista, Arizona
Snowflake, Arizona
Somerton, Arizona
South Tucson, Arizona
Surprise, Arizona
Tempe, Arizona
Tolleson, Arizona
Tucson, Arizona
Wickenburg, Arizona
Winslow, Arizona
Youngtown, Arizona
Yuma, Arizona
Alma, Arkansas
Arkadelphia, Arkansas
Batesville, Arkansas
Beebe, Arkansas
Bella Vista, Arkansas
Benton, Arkansas
Bentonville, Arkansas
Berryville, Arkansas
Blytheville, Arkansas
Bryant, Arkansas
Cabot, Arkansas
Camden, Arkansas
Centerton, Arkansas
Clarksville, Arkansas
Conway, Arkansas
Crossett, Arkansas
De Queen, Arkansas
El Dorado, Arkansas
Farmington, Arkansas
Fayetteville, Arkansas
Forrest City, Arkansas
Fort Smith, Arkansas
Greenwood, Arkansas
Harrison, Arkansas
Heber Springs, Arkansas
Helena-West Helena, Arkansas
Hope, Arkansas
Hot Springs, Arkansas
Jacksonville, Arkansas
Jonesboro, Arkansas
Little Rock, Arkansas
Lowell, Arkansas
Magnolia, Arkansas
Malvern, Arkansas
Marion, Arkansas
Maumelle, Arkansas
Mena, Arkansas
Monticello, Arkansas
Morrilton, Arkansas
Mountain Home, Arkansas
Newport, Arkansas
North Little Rock, Arkansas
Osceola, Arkansas
Paragould, Arkansas
Pine Bluff, Arkansas
Pocahontas, Arkansas
Rogers, Arkansas
Russellville, Arkansas
Searcy, Arkansas
Sherwood, Arkansas
Siloam Springs, Arkansas
Springdale, Arkansas
Stuttgart, Arkansas
Texarkana, Arkansas
Trumann, Arkansas
Van Buren, Arkansas
Warren, Arkansas
West Memphis, Arkansas
White Hall, Arkansas
Wynne, Arkansas
Adelanto, California
Agoura Hills, California
Alameda, California
Albany, California
Alhambra, California
Aliso Viejo, California
American Canyon, California
Anaheim, California
Anderson, California
Antioch, California
Apple Valley, California
Arcadia, California
Arcata, California
Arroyo Grande, California
Artesia, California
Arvin, California
Atascadero, California
Atherton, California
Atwater, California
Auburn, California
Avenal, California
Azusa, California
Bakersfield, California
Baldwin Park, California
Banning, California
Barstow, California
Beaumont, California
Bell, California
Bellflower, California
Bell Gardens, California
Belmont, California
Benicia, California
Berkeley, California
Beverly Hills, California
Big Bear Lake, California
Blythe, California
Brawley, California
Brea, California
Brentwood, California
Buena Park, California
Burbank, California
Burlingame, California
Calabasas, California
Calexico, California
California City, California
Calimesa, California
Calipatria, California
Calistoga, California
Camarillo, California
Campbell, California
Canyon Lake, California
Capitola, California
Carlsbad, California
Carpinteria, California
Carson, California
Cathedral City, California
Ceres, California
Cerritos, California
Chico, California
Chino, California
Chino Hills, California
Chowchilla, California
Chula Vista, California
Citrus Heights, California
Claremont, California
Clayton, California
Clearlake, California
Cloverdale, California
Clovis, California
Coachella, California
Coalinga, California
Colton, California
Colusa, California
Commerce, California
Compton, California
Concord, California
Corcoran, California
Corning, California
Corona, California
Coronado, California
Corte Madera, California
Costa Mesa, California
Cotati, California
Covina, California
Crescent City, California
Cudahy, California
Culver City, California
Cupertino, California
Cypress, California
Daly City, California
Dana Point, California
Danville, California
Davis, California
Delano, California
Desert Hot Springs, California
Diamond Bar, California
Dinuba, California
Dixon, California
Dos Palos, California
Downey, California
Duarte, California
Dublin, California
East Palo Alto, California
Eastvale, California
El Cajon, California
El Centro, California
El Cerrito, California
Elk Grove, California
El Monte, California
Paso Robles, California
El Segundo, California
Emeryville, California
Encinitas, California
Escalon, California
Escondido, California
Eureka, California
Exeter, California
Fairfax, California
Fairfield, California
Farmersville, California
Fillmore, California
Firebaugh, California
Folsom, California
Fontana, California
Fort Bragg, California
Fortuna, California
Foster City, California
Fountain Valley, California
Fowler, California
Fremont, California
Fresno, California
Fullerton, California
Galt, California
Gardena, California
Garden Grove, California
Gilroy, California
Glendale, California
Glendora, California
Goleta, California
Gonzales, California
Grand Terrace, California
Grass Valley, California
Greenfield, California
Gridley, California
Grover Beach, California
Guadalupe, California
Gustine, California
Half Moon Bay, California
Hanford, California
Hawaiian Gardens, California
Hawthorne, California
Hayward, California
Healdsburg, California
Hemet, California
Hercules, California
Hermosa Beach, California
Hesperia, California
Highland, California
Hillsborough, California
Hollister, California
Holtville, California
Hughson, California
Huntington Beach, California
Huntington Park, California
Huron, California
Imperial, California
Imperial Beach, California
Indian Wells, California
Indio, California
Inglewood, California
Ione, California
Irvine, California
Jurupa Valley, California
Kerman, California
King City, California
Kingsburg, California
La Cañada Flintridge, California
Lafayette, California
Laguna Beach, California
Laguna Hills, California
Laguna Niguel, California
Laguna Woods, California
La Habra, California
La Habra Heights, California
Lake Elsinore, California
Lake Forest, California
Lakewood, California
La Mesa, California
La Mirada, California
Lancaster, California
La Palma, California
La Puente, California
La Quinta, California
Larkspur, California
Lathrop, California
La Verne, California
Lawndale, California
Lemon Grove, California
Lemoore, California
Lincoln, California
Lindsay, California
Live Oak, Sutter County, California
Livermore, California
Livingston, California
Lodi, California
Loma Linda, California
Lomita, California
Lompoc, California
Long Beach, California
Loomis, California
Los Alamitos, California
Los Altos, California
Los Altos Hills, California
Los Angeles, California
Los Banos, California
Los Gatos, California
Lynwood, California
McFarland, California
Madera, California
Malibu, California
Mammoth Lakes, California
Manhattan Beach, California
Manteca, California
Marina, California
Martinez, California
Marysville, California
Maywood, California
Mendota, California
Menifee, California
Menlo Park, California
Merced, California
Millbrae, California
Mill Valley, California
Milpitas, California
Mission Viejo, California
Modesto, California
Monrovia, California
Montclair, California
Montebello, California
Monterey, California
Monterey Park, California
Moorpark, California
Moraga, California
Moreno Valley, California
Morgan Hill, California
Morro Bay, California
Mountain View, California
Murrieta, California
Napa, California
National City, California
Newark, California
Newman, California
Newport Beach, California
Norco, California
Norwalk, California
Novato, California
Oakdale, California
Oakland, California
Oakley, California
Oceanside, California
Ojai, California
Ontario, California
Orange, California
Orange Cove, California
Orinda, California
Orland, California
Oroville, California
Oxnard, California
Pacifica, California
Pacific Grove, California
Palmdale, California
Palm Desert, California
Palm Springs, California
Palo Alto, California
Palos Verdes Estates, California
Paradise, California
Paramount, California
Parlier, California
Pasadena, California
Patterson, California
Perris, California
Petaluma, California
Pico Rivera, California
Piedmont, California
Pinole, California
Pismo Beach, California
Pittsburg, California
Placentia, California
Placerville, California
Pleasant Hill, California
Pleasanton, California
Pomona, California
Porterville, California
Port Hueneme, California
Poway, California
Rancho Cordova, California
Rancho Cucamonga, California
Rancho Mirage, California
Rancho Palos Verdes, California
Rancho Santa Margarita, California
Red Bluff, California
Redding, California
Redlands, California
Redondo Beach, California
Redwood City, California
Reedley, California
Rialto, California
Richmond, California
Ridgecrest, California
Rio Vista, California
Ripon, California
Riverbank, California
Riverside, California
Rocklin, California
Rohnert Park, California
Rolling Hills Estates, California
Rosemead, California
Roseville, California
Sacramento, California
St. Helena, California
Salinas, California
San Anselmo, California
San Bernardino, California
San Bruno, California
San Buenaventura (Ventura), California
San Carlos, California
San Clemente, California
San Diego, California
San Dimas, California
San Fernando, California
San Francisco, California
San Gabriel, California
Sanger, California
San Jacinto, California
San Jose, California
San Juan Capistrano, California
San Leandro, California
San Luis Obispo, California
San Marcos, California
San Marino, California
San Mateo, California
San Pablo, California
San Rafael, California
San Ramon, California
Santa Ana, California
Santa Barbara, California
Santa Clara, California
Santa Clarita, California
Santa Cruz, California
Santa Fe Springs, California
Santa Maria, California
Santa Monica, California
Santa Paula, California
Santa Rosa, California
Santee, California
Saratoga, California
Sausalito, California
Scotts Valley, California
Seal Beach, California
Seaside, California
Sebastopol, California
Selma, California
Shafter, California
Shasta Lake, California
Sierra Madre, California
Signal Hill, California
Simi Valley, California
Solana Beach, California
Soledad, California
Solvang, California
Sonoma, California
South El Monte, California
South Gate, California
South Lake Tahoe, California
South Pasadena, California
South San Francisco, California
Stanton, California
Stockton, California
Suisun City, California
Sunnyvale, California
Susanville, California
Taft, California
Tehachapi, California
Temecula, California
Temple City, California
Thousand Oaks, California
Tiburon, California
Torrance, California
Tracy, California
Truckee, California
Tulare, California
Turlock, California
Tustin, California
Twentynine Palms, California
Ukiah, California
Union City, California
Upland, California
Vacaville, California
Vallejo, California
Victorville, California
Villa Park, California
Visalia, California
Vista, California
Walnut, California
Walnut Creek, California
Wasco, California
Waterford, California
Watsonville, California
West Covina, California
West Hollywood, California
Westlake Village, California
Westminster, California
West Sacramento, California
Whittier, California
Wildomar, California
Williams, California
Willows, California
Windsor, California
Winters, California
Woodlake, California
Woodland, California
Woodside, California
Yorba Linda, California
Yreka, California
Yuba City, California
Yucaipa, California
Yucca Valley, California
Alamosa, Colorado
Arvada, Colorado
Aspen, Colorado
Aurora, Colorado
Avon, Colorado
Berthoud, Colorado
Boulder, Colorado
Brighton, Colorado
Broomfield, Colorado
Brush, Colorado
Cañon City, Colorado
Carbondale, Colorado
Castle Pines, Colorado
Castle Rock, Colorado
Centennial, Colorado
Cherry Hills Village, Colorado
Colorado Springs, Colorado
Commerce City, Colorado
Cortez, Colorado
Craig, Colorado
Delta, Colorado
Denver, Colorado
Durango, Colorado
Eagle, Colorado
Edgewater, Colorado
Englewood, Colorado
Erie, Colorado
Estes Park, Colorado
Evans, Colorado
Federal Heights, Colorado
Firestone, Colorado
Fort Collins, Colorado
Fort Lupton, Colorado
Fort Morgan, Colorado
Fountain, Colorado
Frederick, Colorado
Fruita, Colorado
Glenwood Springs, Colorado
Golden, Colorado
Grand Junction, Colorado
Greeley, Colorado
Greenwood Village, Colorado
Gunnison, Colorado
Gypsum, Colorado
Johnstown, Colorado
Lafayette, Colorado
La Junta, Colorado
Lakewood, Colorado
Lamar, Colorado
Littleton, Colorado
Lochbuie, Colorado
Lone Tree, Colorado
Longmont, Colorado
Louisville, Colorado
Loveland, Colorado
Manitou Springs, Colorado
Milliken, Colorado
Montrose, Colorado
Monument, Colorado
Northglenn, Colorado
Parker, Colorado
Pueblo, Colorado
Rifle, Colorado
Salida, Colorado
Sheridan, Colorado
Steamboat Springs, Colorado
Sterling, Colorado
Superior, Colorado
Thornton, Colorado
Trinidad, Colorado
Vail, Colorado
Wellington, Colorado
Westminster, Colorado
Wheat Ridge, Colorado
Windsor, Colorado
Woodland Park, Colorado
Ansonia, Connecticut
Bridgeport, Connecticut
Bristol, Connecticut
Danbury, Connecticut
Derby, Connecticut
Groton, Connecticut
Hartford, Connecticut
Meriden, Connecticut
Middletown, Connecticut
Milford, Connecticut
Naugatuck, Connecticut
New Britain, Connecticut
New Haven, Connecticut
New London, Connecticut
Norwalk, Connecticut
Norwich, Connecticut
Shelton, Connecticut
Stamford, Connecticut
Torrington, Connecticut
Waterbury, Connecticut
West Haven, Connecticut
Dover, Delaware
Elsmere, Delaware
Georgetown, Delaware
Middletown, Delaware
Milford, Delaware
Newark, Delaware
New Castle, Delaware
Seaford, Delaware
Smyrna, Delaware
Wilmington, Delaware
Washington, District of Columbia
Alachua, Florida
Altamonte Springs, Florida
Apopka, Florida
Arcadia, Florida
Atlantic Beach, Florida
Auburndale, Florida
Aventura, Florida
Avon Park, Florida
Bartow, Florida
Bay Harbor Islands, Florida
Belle Glade, Florida
Belle Isle, Florida
Boca Raton, Florida
Bonita Springs, Florida
Boynton Beach, Florida
Bradenton, Florida
Brooksville, Florida
Callaway, Florida
Cape Canaveral, Florida
Cape Coral, Florida
Casselberry, Florida
Clearwater, Florida
Clermont, Florida
Clewiston, Florida
Cocoa, Florida
Cocoa Beach, Florida
Coconut Creek, Florida
Cooper City, Florida
Coral Gables, Florida
Coral Springs, Florida
Crestview, Florida
Cutler Bay, Florida
Dade City, Florida
Dania Beach, Florida
Davie, Florida
Daytona Beach, Florida
DeBary, Florida
Deerfield Beach, Florida
DeFuniak Springs, Florida
DeLand, Florida
Delray Beach, Florida
Deltona, Florida
Destin, Florida
Doral, Florida
Dunedin, Florida
Edgewater, Volusia County, Florida
Eustis, Florida
Fellsmere, Florida
Fernandina Beach, Florida
Florida City, Florida
Fort Lauderdale, Florida
Fort Meade, Florida
Fort Myers, Florida
Fort Myers Beach, Florida
Fort Pierce, Florida
Fort Walton Beach, Florida
Gainesville, Florida
Greenacres, Florida
Green Cove Springs, Florida
Groveland, Florida
Gulf Breeze, Florida
Gulfport, Florida
Haines City, Florida
Hallandale Beach, Florida
Hialeah, Florida
Hialeah Gardens, Florida
High Springs, Florida
Holly Hill, Florida
Hollywood, Florida
Homestead, Florida
Indian Harbour Beach, Florida
Inverness, Florida
Islamorada, Florida
Jacksonville, Florida
Jacksonville Beach, Florida
Jupiter, Florida
Key Biscayne, Florida
Key West, Florida
Kissimmee, Florida
Lady Lake, Florida
Lake Alfred, Florida
Lake City, Florida
Lakeland, Florida
Lake Mary, Florida
Lake Park, Florida
Lake Wales, Florida
Lake Worth, Florida
Lantana, Florida
Largo, Florida
Lauderdale-by-the-Sea, Florida
Lauderdale Lakes, Florida
Lauderhill, Florida
Leesburg, Florida
Lighthouse Point, Florida
Live Oak, Florida
Longboat Key, Florida
Longwood, Florida
Lynn Haven, Florida
Macclenny, Florida
Maitland, Florida
Marathon, Florida
Marco Island, Florida
Margate, Florida
Marianna, Florida
Mascotte, Florida
Melbourne, Florida
Miami, Florida
Miami Beach, Florida
Miami Gardens, Florida
Miami Lakes, Florida
Miami Shores, Florida
Miami Springs, Florida
Milton, Florida
Minneola, Florida
Miramar, Florida
Mount Dora, Florida
Naples, Florida
Neptune Beach, Florida
Newberry, Florida
New Port Richey, Florida
New Smyrna Beach, Florida
Niceville, Florida
North Bay Village, Florida
North Lauderdale, Florida
North Miami, Florida
North Miami Beach, Florida
North Palm Beach, Florida
North Port, Florida
Oakland Park, Florida
Ocala, Florida
Ocoee, Florida
Okeechobee, Florida
Oldsmar, Florida
Opa-locka, Florida
Orange City, Florida
Orange Park, Florida
Orlando, Florida
Ormond Beach, Florida
Oviedo, Florida
Pahokee, Florida
Palatka, Florida
Palm Bay, Florida
Palm Beach, Florida
Palm Beach Gardens, Florida
Palm Coast, Florida
Palmetto, Florida
Palmetto Bay, Florida
Palm Springs, Florida
Panama City, Florida
Panama City Beach, Florida
Parkland, Florida
Pembroke Park, Florida
Pembroke Pines, Florida
Pensacola, Florida
Perry, Florida
Pinecrest, Florida
Pinellas Park, Florida
Plantation, Florida
Plant City, Florida
Pompano Beach, Florida
Port Orange, Florida
Port St. Lucie, Florida
Punta Gorda, Florida
Quincy, Florida
Riviera Beach, Florida
Rockledge, Florida
Royal Palm Beach, Florida
Safety Harbor, Florida
St. Augustine, Florida
St. Augustine Beach, Florida
St. Cloud, Florida
St. Pete Beach, Florida
St. Petersburg, Florida
Sanford, Florida
Sanibel, Florida
Sarasota, Florida
Satellite Beach, Florida
Sebastian, Florida
Sebring, Florida
Seminole, Florida
South Daytona, Florida
South Miami, Florida
Southwest Ranches, Florida
Springfield, Florida
Starke, Florida
Stuart, Florida
Sunny Isles Beach, Florida
Sunrise, Florida
Surfside, Florida
Sweetwater, Miami-Date County, Florida
Tallahassee, Florida
Tamarac, Florida
Tampa, Florida
Tarpon Springs, Florida
Tavares, Florida
Temple Terrace, Florida
Tequesta, Florida
Titusville, Florida
Treasure Island, Florida
Valparaiso, Florida
Venice, Florida
Vero Beach, Florida
Wellington, Florida
West Melbourne, Florida
West Miami, Florida
Weston, Florida
West Palm Beach, Florida
West Park, Florida
Wildwood, Florida
Wilton Manors, Florida
Winter Garden, Florida
Winter Haven, Florida
Winter Park, Florida
Winter Springs, Florida
Zephyrhills, Florida
Acworth, Georgia
Adel, Georgia
Albany, Georgia
Alpharetta, Georgia
Americus, Georgia
Athens, Georgia
Atlanta, Georgia
Auburn, Georgia
Augusta, Georgia
Austell, Georgia
Bainbridge, Georgia
Barnesville, Georgia
Braselton, Georgia
Bremen, Georgia
Brunswick, Georgia
Buford, Georgia
Cairo, Georgia
Calhoun, Georgia
Camilla, Georgia
Canton, Georgia
Carrollton, Georgia
Cartersville, Georgia
Cedartown, Georgia
Centerville, Georgia
Chamblee, Georgia
Clarkston, Georgia
College Park, Georgia
Columbus, Georgia
Commerce, Georgia
Conyers, Georgia
Cordele, Georgia
Covington, Georgia
Cumming, Georgia
Cusseta, Georgia
Dahlonega, Georgia
Dallas, Georgia
Dalton, Georgia
Decatur, Georgia
Doraville, Georgia
Douglas, Georgia
Douglasville, Georgia
Dublin, Georgia
Duluth, Georgia
Dunwoody, Georgia
Eastman, Georgia
East Point, Georgia
Eatonton, Georgia
Fairburn, Georgia
Fayetteville, Georgia
Fitzgerald, Georgia
Flowery Branch, Georgia
Folkston, Georgia
Forest Park, Georgia
Fort Oglethorpe, Georgia
Fort Valley, Georgia
Gainesville, Georgia
Garden City, Georgia
Glennville, Georgia
Griffin, Georgia
Grovetown, Georgia
Hampton, Georgia
Hapeville, Georgia
Hawkinsville, Georgia
Hinesville, Georgia
Holly Springs, Georgia
Jefferson, Georgia
Jesup, Georgia
Johns Creek, Georgia
Kennesaw, Georgia
Kingsland, Georgia
LaFayette, Georgia
LaGrange, Georgia
Lawrenceville, Georgia
Lilburn, Georgia
Locust Grove, Georgia
Loganville, Georgia
Lovejoy, Georgia
McDonough, Georgia
Macon, Georgia
McRae, Georgia
Marietta, Georgia
Milledgeville, Georgia
Milton, Georgia
Monroe, Georgia
Morrow, Georgia
Moultrie, Georgia
Newnan, Georgia
Norcross, Georgia
Peachtree City, Georgia
Perry, Georgia
Pooler, Georgia
Port Wentworth, Georgia
Powder Springs, Georgia
Richmond Hill, Georgia
Rincon, Georgia
Riverdale, Georgia
Rome, Georgia
Roswell, Georgia
St. Marys, Georgia
Sandersville, Georgia
Sandy Springs, Georgia
Savannah, Georgia
Smyrna, Georgia
Snellville, Georgia
Statesboro, Georgia
Stockbridge, Georgia
Stone Mountain, Georgia
Sugar Hill, Georgia
Suwanee, Georgia
Swainsboro, Georgia
Sylvester, Georgia
Thomaston, Georgia
Thomasville, Georgia
Thomson, Georgia
Tifton, Georgia
Toccoa, Georgia
Tyrone, Georgia
Union City, Georgia
Valdosta, Georgia
Vidalia, Georgia
Villa Rica, Georgia
Warner Robins, Georgia
Waycross, Georgia
Waynesboro, Georgia
Winder, Georgia
Woodstock, Georgia
Honolulu, Hawaii
Ammon, Idaho
Blackfoot, Idaho
Boise City, Idaho
Burley, Idaho
Caldwell, Idaho
Chubbuck, Idaho
Coeur d'Alene, Idaho
Eagle, Idaho
Emmett, Idaho
Garden City, Idaho
Hailey, Idaho
Hayden, Idaho
Idaho Falls, Idaho
Jerome, Idaho
Kuna, Idaho
Lewiston, Idaho
Meridian, Idaho
Middleton, Idaho
Moscow, Idaho
Mountain Home, Idaho
Nampa, Idaho
Payette, Idaho
Pocatello, Idaho
Post Falls, Idaho
Preston, Idaho
Rathdrum, Idaho
Rexburg, Idaho
Rupert, Idaho
Sandpoint, Idaho
Star, Idaho
Twin Falls, Idaho
Weiser, Idaho
Addison, Illinois
Algonquin, Illinois
Alsip, Illinois
Alton, Illinois
Antioch, Illinois
Arlington Heights, Illinois
Aurora, Illinois
Barrington, Illinois
Bartlett, Illinois
Bartonville, Illinois
Batavia, Illinois
Beach Park, Illinois
Beardstown, Illinois
Belleville, Illinois
Bellwood, Illinois
Belvidere, Illinois
Bensenville, Illinois
Benton, Illinois
Berkeley, Illinois
Berwyn, Illinois
Bethalto, Illinois
Bloomingdale, Illinois
Bloomington, Illinois
Blue Island, Illinois
Bolingbrook, Illinois
Bourbonnais, Illinois
Bradley, Illinois
Braidwood, Illinois
Bridgeview, Illinois
Broadview, Illinois
Brookfield, Illinois
Buffalo Grove, Illinois
Burbank, Illinois
Burr Ridge, Illinois
Cahokia, Illinois
Calumet City, Illinois
Calumet Park, Illinois
Campton Hills, Illinois
Canton, Illinois
Carbondale, Illinois
Carlinville, Illinois
Carmi, Illinois
Carol Stream, Illinois
Carpentersville, Illinois
Carterville, Illinois
Cary, Illinois
Centralia, Illinois
Centreville, Illinois
Champaign, Illinois
Channahon, Illinois
Charleston, Illinois
Chatham, Illinois
Chester, Illinois
Chicago, Illinois
Chicago Heights, Illinois
Chicago Ridge, Illinois
Chillicothe, Illinois
Cicero, Illinois
Clarendon Hills, Illinois
Clinton, Illinois
Coal City, Illinois
Collinsville, Illinois
Colona, Illinois
Columbia, Illinois
Country Club Hills, Illinois
Countryside, Illinois
Crest Hill, Illinois
Crestwood, Illinois
Crete, Illinois
Creve Coeur, Illinois
Crystal Lake, Illinois
Danville, Illinois
Darien, Illinois
Decatur, Illinois
Deerfield, Illinois
DeKalb, Illinois
Des Plaines, Illinois
Dixon, Illinois
Dolton, Illinois
Downers Grove, Illinois
Du Quoin, Illinois
East Alton, Illinois
East Moline, Illinois
East Peoria, Illinois
East St. Louis, Illinois
Edwardsville, Illinois
Effingham, Illinois
Elburn, Illinois
Elgin, Illinois
Elk Grove Village, Illinois
Elmhurst, Illinois
Elmwood Park, Illinois
Eureka, Illinois
Evanston, Illinois
Evergreen Park, Illinois
Fairfield, Illinois
Fairview Heights, Illinois
Flora, Illinois
Flossmoor, Illinois
Forest Park, Illinois
Fox Lake, Illinois
Frankfort, Illinois
Franklin Park, Illinois
Freeport, Illinois
Galesburg, Illinois
Geneseo, Illinois
Geneva, Illinois
Genoa, Illinois
Gilberts, Illinois
Glen Carbon, Illinois
Glencoe, Illinois
Glendale Heights, Illinois
Glen Ellyn, Illinois
Glenview, Cook County, Illinois
Glenwood, Illinois
Godfrey, Illinois
Granite City, Illinois
Grayslake, Illinois
Greenville, Illinois
Gurnee, Illinois
Hampshire, Illinois
Hanover Park, Illinois
Harrisburg, Illinois
Harvard, Illinois
Harvey, Illinois
Harwood Heights, Illinois
Hawthorn Woods, Illinois
Hazel Crest, Illinois
Herrin, Illinois
Hickory Hills, Illinois
Highland, Illinois
Highland Park, Illinois
Highwood, Illinois
Hillsboro, Illinois
Hillside, Illinois
Hinsdale, Illinois
Hoffman Estates, Illinois
Homer Glen, Illinois
Homewood, Illinois
Hoopeston, Illinois
Huntley, Illinois
Inverness, Illinois
Island Lake, Illinois
Itasca, Illinois
Jacksonville, Illinois
Jerseyville, Illinois
Johnsburg, Illinois
Joliet, Illinois
Justice, Illinois
Kankakee, Illinois
Kewanee, Illinois
La Grange, Illinois
La Grange Park, Illinois
Lake Bluff, Illinois
Lake Forest, Illinois
Lake in the Hills, Illinois
Lakemoor, Illinois
Lake Villa, Illinois
Lake Zurich, Illinois
Lansing, Illinois
LaSalle, Illinois
Lemont, Illinois
Libertyville, Illinois
Lincoln, Illinois
Lincolnshire, Illinois
Lincolnwood, Illinois
Lindenhurst, Illinois
Lisle, Illinois
Litchfield, Illinois
Lockport, Illinois
Lombard, Illinois
Long Grove, Illinois
Loves Park, Illinois
Lynwood, Illinois
Lyons, Illinois
McHenry, Illinois
Machesney Park, Illinois
Macomb, Illinois
Mahomet, Illinois
Manhattan, Illinois
Manteno, Illinois
Marengo, Illinois
Marion, Illinois
Markham, Illinois
Marseilles, Illinois
Maryville, Illinois
Mascoutah, Illinois
Matteson, Illinois
Mattoon, Illinois
Maywood, Illinois
Melrose Park, Illinois
Mendota, Illinois
Metropolis, Illinois
Midlothian, Illinois
Milan, Illinois
Minooka, Illinois
Mokena, Illinois
Moline, Illinois
Monee, Illinois
Monmouth, Illinois
Montgomery, Illinois
Monticello, Illinois
Morris, Illinois
Morton, Illinois
Morton Grove, Illinois
Mount Carmel, Illinois
Mount Prospect, Illinois
Mount Vernon, Illinois
Mount Zion, Illinois
Mundelein, Illinois
Murphysboro, Illinois
Naperville, Illinois
New Lenox, Illinois
Niles, Illinois
Normal, Illinois
Norridge, Illinois
North Aurora, Illinois
Northbrook, Illinois
North Chicago, Illinois
Northfield, Illinois
Northlake, Illinois
North Riverside, Illinois
Oak Brook, Illinois
Oak Forest, Illinois
Oak Lawn, Illinois
Oak Park, Illinois
O'Fallon, Illinois
Olney, Illinois
Olympia Fields, Illinois
Orland Hills, Illinois
Orland Park, Illinois
Oswego, Illinois
Ottawa, Illinois
Palatine, Illinois
Palos Heights, Illinois
Palos Hills, Illinois
Pana, Illinois
Paris, Illinois
Park City, Illinois
Park Forest, Illinois
Park Ridge, Illinois
Pekin, Illinois
Peoria, Illinois
Peoria Heights, Illinois
Peru, Illinois
Pinckneyville, Illinois
Plainfield, Illinois
Plano, Illinois
Pontiac, Illinois
Pontoon Beach, Illinois
Poplar Grove, Illinois
Posen, Illinois
Princeton, Illinois
Prospect Heights, Illinois
Quincy, Illinois
Rantoul, Illinois
Richton Park, Illinois
Riverdale, Illinois
River Forest, Illinois
River Grove, Illinois
Riverside, Illinois
Robbins, Illinois
Robinson, Illinois
Rochelle, Illinois
Rock Falls, Illinois
Rockford, Illinois
Rock Island, Illinois
Rockton, Illinois
Rolling Meadows, Illinois
Romeoville, Illinois
Roscoe, Illinois
Roselle, Illinois
Round Lake, Illinois
Round Lake Beach, Illinois
Round Lake Park, Illinois
St. Charles, Illinois
Salem, Illinois
Sandwich, Illinois
Sauk Village, Illinois
Savoy, Illinois
Schaumburg, Illinois
Schiller Park, Illinois
Shiloh, Illinois
Shorewood, Illinois
Silvis, Illinois
Skokie, Illinois
South Beloit, Illinois
South Elgin, Illinois
South Holland, Illinois
Springfield, Illinois
Spring Grove, Illinois
Spring Valley, Illinois
Staunton, Illinois
Steger, Illinois
Sterling, Illinois
Stickney, Illinois
Streamwood, Illinois
Streator, Illinois
Sugar Grove, Illinois
Summit, Illinois
Swansea, Illinois
Sycamore, Illinois
Taylorville, Illinois
Tinley Park, Illinois
Troy, Illinois
University Park, Illinois
Urbana, Illinois
Vandalia, Illinois
Vernon Hills, Illinois
Villa Park, Illinois
Warrenville, Illinois
Washington, Illinois
Waterloo, Illinois
Watseka, Illinois
Wauconda, Illinois
Waukegan, Illinois
Westchester, Illinois
West Chicago, Illinois
West Dundee, Illinois
Western Springs, Illinois
West Frankfort, Illinois
Westmont, Illinois
Wheaton, Illinois
Wheeling, Illinois
Willowbrook, DuPage, Illinois
Willow Springs, Illinois
Wilmette, Illinois
Wilmington, Will County, Illinois
Winfield, Illinois
Winnetka, Illinois
Winthrop Harbor, Illinois
Wood Dale, Illinois
Woodridge, Illinois
Wood River, Illinois
Woodstock, Illinois
Worth, Illinois
Yorkville, Illinois
Zion, Illinois
Alexandria, Indiana
Anderson, Indiana
Angola, Indiana
Auburn, Indiana
Avon, Indiana
Bargersville, Indiana
Batesville, Indiana
Bedford, Indiana
Beech Grove, Indiana
Bloomington, Indiana
Bluffton, Indiana
Boonville, Indiana
Brazil, Indiana
Brownsburg, Indiana
Carmel, Indiana
Cedar Lake, Indiana
Charlestown, Indiana
Chesterton, Indiana
Clarksville, Indiana
Columbia City, Indiana
Columbus, Indiana
Connersville, Indiana
Crawfordsville, Indiana
Crown Point, Indiana
Cumberland, Indiana
Danville, Indiana
Decatur, Indiana
Dyer, Indiana
East Chicago, Indiana
Elkhart, Indiana
Ellettsville, Indiana
Elwood, Indiana
Evansville, Indiana
Fishers, Indiana
Fort Wayne, Indiana
Frankfort, Indiana
Franklin, Indiana
Garrett, Indiana
Gary, Indiana
Gas City, Indiana
Goshen, Indiana
Greencastle, Indiana
Greenfield, Indiana
Greensburg, Indiana
Greenwood, Indiana
Griffith, Indiana
Hammond, Indiana
Hartford City, Indiana
Highland, Lake County, Indiana
Hobart, Indiana
Huntertown, Indiana
Huntingburg, Indiana
Huntington, Indiana
Indianapolis, Indiana
Jasper, Indiana
Jeffersonville, Indiana
Kendallville, Indiana
Kokomo, Indiana
Lafayette, Indiana
Lake Station, Indiana
La Porte, Indiana
Lawrence, Indiana
Lawrenceburg, Indiana
Lebanon, Indiana
Linton, Indiana
Logansport, Indiana
Lowell, Indiana
Madison, Indiana
Marion, Indiana
Martinsville, Indiana
Merrillville, Indiana
Michigan City, Indiana
Mishawaka, Indiana
Monticello, Indiana
Mooresville, Indiana
Mount Vernon, Indiana
Muncie, Indiana
Munster, Indiana
Nappanee, Indiana
New Albany, Indiana
New Castle, Indiana
New Haven, Indiana
New Whiteland, Indiana
Noblesville, Indiana
North Manchester, Indiana
North Vernon, Indiana
Peru, Indiana
Plainfield, Indiana
Plymouth, Indiana
Portage, Indiana
Portland, Indiana
Princeton, Indiana
Rensselaer, Indiana
Richmond, Indiana
Rochester, Indiana
Rushville, Indiana
St. John, Indiana
Salem, Indiana
Schererville, Indiana
Scottsburg, Indiana
Sellersburg, Indiana
Seymour, Indiana
Shelbyville, Indiana
South Bend, Indiana
Speedway, Indiana
Tell City, Indiana
Terre Haute, Indiana
Tipton, Indiana
Valparaiso, Indiana
Vincennes, Indiana
Wabash, Indiana
Warsaw, Indiana
Washington, Indiana
Westfield, Indiana
West Lafayette, Indiana
Westville, Indiana
Yorktown, Indiana
Zionsville, Indiana
Algona, Iowa
Altoona, Iowa
Ames, Iowa
Anamosa, Iowa
Ankeny, Iowa
Atlantic, Iowa
Bettendorf, Iowa
Boone, Iowa
Burlington, Iowa
Carroll, Iowa
Cedar Falls, Iowa
Cedar Rapids, Iowa
Centerville, Iowa
Charles City, Iowa
Cherokee, Iowa
Clarinda, Iowa
Clear Lake, Iowa
Clinton, Iowa
Clive, Iowa
Coralville, Iowa
Council Bluffs, Iowa
Creston, Iowa
Davenport, Iowa
Decorah, Iowa
Denison, Iowa
Des Moines, Iowa
De Witt, Iowa
Dubuque, Iowa
Eldridge, Iowa
Estherville, Iowa
Fairfield, Iowa
Fort Dodge, Iowa
Fort Madison, Iowa
Glenwood, Iowa
Grimes, Iowa
Grinnell, Iowa
Harlan, Iowa
Hiawatha, Iowa
Independence, Iowa
Indianola, Iowa
Iowa City, Iowa
Iowa Falls, Iowa
Johnston, Iowa
Keokuk, Iowa
Knoxville, Iowa
Le Mars, Iowa
Manchester, Iowa
Maquoketa, Iowa
Marion, Iowa
Marshalltown, Iowa
Mason City, Iowa
Mount Pleasant, Iowa
Muscatine, Iowa
Nevada, Iowa
Newton, Iowa
North Liberty, Iowa
Norwalk, Iowa
Oelwein, Iowa
Orange City, Iowa
Osceola, Iowa
Oskaloosa, Iowa
Ottumwa, Iowa
Pella, Iowa
Perry, Iowa
Pleasant Hill, Iowa
Red Oak, Iowa
Sheldon, Iowa
Shenandoah, Iowa
Sioux Center, Iowa
Sioux City, Iowa
Spencer, Iowa
Storm Lake, Iowa
Urbandale, Iowa
Vinton, Iowa
Washington, Iowa
Waterloo, Iowa
Waukee, Iowa
Waverly, Iowa
Webster City, Iowa
West Des Moines, Iowa
Winterset, Iowa
Abilene, Kansas
Andover, Kansas
Arkansas City, Kansas
Atchison, Kansas
Augusta, Kansas
Bel Aire, Kansas
Bonner Springs, Kansas
Chanute, Kansas
Coffeyville, Kansas
Colby, Kansas
Concordia, Kansas
Derby, Kansas
De Soto, Kansas
Dodge City, Kansas
El Dorado, Kansas
Emporia, Kansas
Eudora, Kansas
Fort Scott, Kansas
Garden City, Kansas
Gardner, Kansas
Great Bend, Kansas
Hays, Kansas
Haysville, Kansas
Hutchinson, Kansas
Independence, Kansas
Iola, Kansas
Junction City, Kansas
Kansas City, Kansas
Lansing, Kansas
Lawrence, Kansas
Leavenworth, Kansas
Leawood, Kansas
Lenexa, Kansas
Liberal, Kansas
McPherson, Kansas
Manhattan, Kansas
Merriam, Kansas
Mission, Kansas
Mulvane, Kansas
Newton, Kansas
Olathe, Kansas
Ottawa, Kansas
Overland Park, Kansas
Paola, Kansas
Park City, Kansas
Parsons, Kansas
Pittsburg, Kansas
Prairie Village, Kansas
Pratt, Kansas
Roeland Park, Kansas
Salina, Kansas
Shawnee, Kansas
Spring Hill, Kansas
Tonganoxie, Kansas
Topeka, Kansas
Ulysses, Kansas
Valley Center, Kansas
Wellington, Kansas
Wichita, Kansas
Winfield, Kansas
Alexandria, Kentucky
Ashland, Kentucky
Bardstown, Kentucky
Bellevue, Kentucky
Berea, Kentucky
Bowling Green, Kentucky
Campbellsville, Kentucky
Central City, Kentucky
Cold Spring, Kentucky
Corbin, Kentucky
Covington, Kentucky
Cynthiana, Kentucky
Danville, Kentucky
Dayton, Kentucky
Douglass Hills, Kentucky
Edgewood, Kentucky
Elizabethtown, Kentucky
Elsmere, Kentucky
Erlanger, Kentucky
Flatwoods, Kentucky
Florence, Kentucky
Fort Mitchell, Kentucky
Fort Thomas, Kentucky
Fort Wright, Kentucky
Frankfort, Kentucky
Franklin, Kentucky
Georgetown, Kentucky
Glasgow, Kentucky
Harrodsburg, Kentucky
Hazard, Kentucky
Henderson, Kentucky
Highland Heights, Kentucky
Hillview, Kentucky
Hopkinsville, Kentucky
Independence, Kentucky
Jeffersontown, Kentucky
La Grange, Kentucky
Lawrenceburg, Kentucky
Lebanon, Kentucky
Leitchfield, Kentucky
Lexington, Kentucky
London, Kentucky
Louisville/Jefferson County metro government (balance), Kentucky
Lyndon, Kentucky
Madisonville, Kentucky
Mayfield, Kentucky
Maysville, Kentucky
Middlesborough, Kentucky
Middletown, Kentucky
Monticello, Kentucky
Morehead, Kentucky
Mount Sterling, Kentucky
Mount Washington, Kentucky
Murray, Kentucky
Newport, Kentucky
Nicholasville, Kentucky
Oak Grove, Kentucky
Owensboro, Kentucky
Paducah, Kentucky
Paris, Kentucky
Pikeville, Kentucky
Princeton, Kentucky
Radcliff, Kentucky
Richmond, Kentucky
Russellville, Kentucky
St. Matthews, Kentucky
Shelbyville, Kentucky
Shepherdsville, Kentucky
Shively, Kentucky
Somerset, Kentucky
Taylor Mill, Kentucky
Union, Kentucky
Versailles, Kentucky
Villa Hills, Kentucky
Vine Grove, Kentucky
Williamsburg, Kentucky
Winchester, Kentucky
Abbeville, Louisiana
Alexandria, Louisiana
Baker, Louisiana
Bastrop, Louisiana
Baton Rouge, Louisiana
Bogalusa, Louisiana
Bossier City, Louisiana
Breaux Bridge, Louisiana
Broussard, Louisiana
Carencro, Louisiana
Central, Louisiana
Covington, Louisiana
Crowley, Louisiana
Denham Springs, Louisiana
DeRidder, Louisiana
Donaldsonville, Louisiana
Eunice, Louisiana
Franklin, Louisiana
Gonzales, Louisiana
Gretna, Louisiana
Hammond, Louisiana
Harahan, Louisiana
Houma, Louisiana
Jeanerette, Louisiana
Jennings, Louisiana
Kenner, Louisiana
Lafayette, Louisiana
Lake Charles, Louisiana
Leesville, Louisiana
Mandeville, Louisiana
Mansfield, Louisiana
Marksville, Louisiana
Minden, Louisiana
Monroe, Louisiana
Morgan City, Louisiana
Natchitoches, Louisiana
New Iberia, Louisiana
New Orleans, Louisiana
Oakdale, Louisiana
Opelousas, Louisiana
Patterson, Louisiana
Pineville, Louisiana
Plaquemine, Louisiana
Ponchatoula, Louisiana
Port Allen, Louisiana
Rayne, Louisiana
Ruston, Louisiana
St. Gabriel, Louisiana
St. Martinville, Louisiana
Scott, Louisiana
Shreveport, Louisiana
Slidell, Louisiana
Springhill, Louisiana
Sulphur, Louisiana
Tallulah, Louisiana
Thibodaux, Louisiana
Ville Platte, Louisiana
Walker, Louisiana
West Monroe, Louisiana
Westwego, Louisiana
Youngsville, Louisiana
Zachary, Louisiana
Auburn, Maine
Augusta, Maine
Bangor, Maine
Bath, Maine
Belfast, Maine
Biddeford, Maine
Brewer, Maine
Caribou, Maine
Ellsworth, Maine
Gardiner, Maine
Lewiston, Maine
Old Town, Maine
Portland, Maine
Presque Isle, Maine
Rockland, Maine
Saco, Maine
South Portland, Maine
Waterville, Maine
Westbrook, Maine
Aberdeen, Maryland
Annapolis, Maryland
Baltimore, Maryland
Bel Air, Maryland
Bladensburg, Maryland
Bowie, Maryland
Brunswick, Maryland
Cambridge, Maryland
Chesapeake Beach, Maryland
Chestertown, Maryland
Cheverly, Maryland
College Park, Maryland
Cumberland, Maryland
District Heights, Maryland
Easton, Maryland
Elkton, Maryland
Frederick, Maryland
Frostburg, Maryland
Fruitland, Maryland
Gaithersburg, Maryland
Glenarden, Maryland
Greenbelt, Maryland
Hagerstown, Maryland
Hampstead, Maryland
Havre de Grace, Maryland
Hyattsville, Maryland
La Plata, Maryland
Laurel, Maryland
Mount Airy, Maryland
Mount Rainier, Maryland
New Carrollton, Maryland
Ocean City, Maryland
Poolesville, Maryland
Riverdale Park, Maryland
Rockville, Maryland
Salisbury, Maryland
Takoma Park, Maryland
Taneytown, Maryland
Thurmont, Maryland
Walkersville, Maryland
Westminster, Maryland
Agawam, Massachusetts
Amesbury, Massachusetts
Attleboro, Massachusetts
Barnstable Town, Massachusetts
Beverly, Massachusetts
Boston, Massachusetts
Braintree, Massachusetts
Brockton, Massachusetts
Cambridge, Massachusetts
Chelsea, Massachusetts
Chicopee, Massachusetts
Easthampton, Massachusetts
Everett, Massachusetts
Fall River, Massachusetts
Fitchburg, Massachusetts
Franklin, Massachusetts
Gardner, Massachusetts
Gloucester, Massachusetts
Greenfield, Massachusetts
Haverhill, Massachusetts
Holyoke, Massachusetts
Lawrence, Massachusetts
Leominster, Massachusetts
Lowell, Massachusetts
Lynn, Massachusetts
Malden, Massachusetts
Marlborough, Massachusetts
Medford, Massachusetts
Melrose, Massachusetts
Methuen, Massachusetts
New Bedford, Massachusetts
Newburyport, Massachusetts
Newton, Massachusetts
North Adams, Massachusetts
Northampton, Massachusetts
Palmer, Massachusetts
Peabody, Massachusetts
Pittsfield, Massachusetts
Quincy, Massachusetts
Revere, Massachusetts
Salem, Massachusetts
Somerville, Massachusetts
Southbridge, Massachusetts
Springfield, Massachusetts
Taunton, Massachusetts
Waltham, Massachusetts
Watertown, Massachusetts
Westfield, Massachusetts
West Springfield, Massachusetts
Weymouth, Massachusetts
Winthrop, Massachusetts
Woburn, Massachusetts
Worcester, Massachusetts
Adrian, Michigan
Albion (town), Orleans County, Michigan
Allegan, Michigan
Allen Park, Michigan
Alma, Michigan
Alpena, Michigan
Ann Arbor, Michigan
Auburn Hills, Michigan
Battle Creek, Michigan
Bay City, Michigan
Belding, Michigan
Benton Harbor, Michigan
Berkley, Michigan
Beverly Hills, Michigan
Big Rapids, Michigan
Birmingham, Michigan
Brighton, Michigan
Burton, Michigan
Cadillac, Michigan
Center Line, Michigan
Charlotte, Michigan
Chelsea, Michigan
Clawson, Michigan
Coldwater, Michigan
Davison, Michigan
Dearborn, Michigan
Dearborn Heights, Michigan
Detroit, Michigan
Dowagiac, Michigan
East Grand Rapids, Michigan
East Lansing, Michigan
Eastpointe, Michigan
Eaton Rapids, Michigan
Ecorse, Michigan
Escanaba, Michigan
Farmington, Michigan
Farmington Hills, Michigan
Fenton, Michigan
Ferndale, Michigan
Flat Rock, Michigan
Flint, Michigan
Flushing, Michigan
Fraser, Michigan
Garden City, Michigan
Grand Blanc, Michigan
Grand Haven, Michigan
Grand Ledge, Michigan
Grand Rapids, Michigan
Grandville, Michigan
Greenville, Michigan
Grosse Pointe, Michigan
Grosse Pointe Farms, Michigan
Grosse Pointe Park, Michigan
Grosse Pointe Woods, Michigan
Hamtramck, Michigan
Harper Woods, Michigan
Hastings, Michigan
Hazel Park, Michigan
Highland Park, Michigan
Hillsdale, Michigan
Holland, Michigan
Holly, Michigan
Houghton, Michigan
Howell, Michigan
Hudsonville, Michigan
Huntington Woods, Michigan
Inkster, Michigan
Ionia, Michigan
Iron Mountain, Michigan
Ironwood, Michigan
Ishpeming, Michigan
Jackson, Michigan
Kalamazoo, Michigan
Kentwood, Michigan
Kingsford, Michigan
Lansing, Michigan
Lapeer, Michigan
Lincoln Park, Michigan
Livonia, Michigan
Ludington, Michigan
Madison Heights, Michigan
Manistee, Michigan
Marquette, Michigan
Marshall, Michigan
Marysville, Michigan
Mason, Michigan
Melvindale, Michigan
Menominee, Michigan
Midland, Michigan
Milan, Michigan
Milford, Michigan
Monroe, Michigan
Mount Clemens, Michigan
Mount Pleasant, Michigan
Muskegon, Michigan
Muskegon Heights, Michigan
New Baltimore, Michigan
Niles, Michigan
Northville, Michigan
Norton Shores, Michigan
Novi, Michigan
Oak Park, Michigan
Owosso, Michigan
Petoskey, Michigan
Plymouth, Michigan
Pontiac, Michigan
Portage, Michigan
Port Huron, Michigan
Richmond, Michigan
River Rouge, Michigan
Riverview, Michigan
Rochester, Michigan
Rochester Hills, Michigan
Rockford, Michigan
Romulus, Michigan
Roseville, Michigan
Royal Oak, Michigan
Saginaw, Michigan
St. Clair, Michigan
St. Clair Shores, Michigan
St. Johns, Michigan
St. Joseph, Michigan
St. Louis, Michigan
Saline, Michigan
Sault Ste. Marie, Michigan
Southfield, Michigan
Southgate, Michigan
South Lyon, Michigan
Springfield, Michigan
Sterling Heights, Michigan
Sturgis, Michigan
Swartz Creek, Michigan
Taylor, Michigan
Tecumseh, Michigan
Three Rivers, Michigan
Traverse City, Michigan
Trenton, Michigan
Troy, Michigan
Walker, Michigan
Walled Lake, Michigan
Warren, Michigan
Wayne, Michigan
Westland, Michigan
Wixom, Michigan
Woodhaven, Michigan
Wyandotte, Michigan
Wyoming, Michigan
Ypsilanti, Michigan
Zeeland, Michigan
Albert Lea, Minnesota
Albertville, Minnesota
Alexandria, Minnesota
Andover, Minnesota
Anoka, Minnesota
Apple Valley, Minnesota
Arden Hills, Minnesota
Austin, Minnesota
Baxter, Minnesota
Belle Plaine, Minnesota
Bemidji, Minnesota
Big Lake, Minnesota
Blaine, Minnesota
Bloomington, Minnesota
Brainerd, Minnesota
Brooklyn Center, Minnesota
Brooklyn Park, Minnesota
Buffalo, Minnesota
Burnsville, Minnesota
Cambridge, Minnesota
Champlin, Minnesota
Chanhassen, Minnesota
Chaska, Minnesota
Chisholm, Minnesota
Cloquet, Minnesota
Columbia Heights, Minnesota
Coon Rapids, Minnesota
Corcoran, Minnesota
Cottage Grove, Minnesota
Crookston, Minnesota
Crystal, Minnesota
Delano, Minnesota
Detroit Lakes, Minnesota
Duluth, Minnesota
Eagan, Minnesota
East Bethel, Minnesota
East Grand Forks, Minnesota
Eden Prairie, Minnesota
Edina, Minnesota
Elk River, Minnesota
Fairmont, Minnesota
Falcon Heights, Minnesota
Faribault, Minnesota
Farmington, Minnesota
Fergus Falls, Minnesota
Forest Lake, Minnesota
Fridley, Minnesota
Glencoe, Minnesota
Golden Valley, Minnesota
Grand Rapids, Minnesota
Ham Lake, Minnesota
Hastings, Minnesota
Hermantown, Minnesota
Hibbing, Minnesota
Hopkins, Minnesota
Hugo, Minnesota
Hutchinson, Minnesota
International Falls, Minnesota
Inver Grove Heights, Minnesota
Isanti, Minnesota
Jordan, Minnesota
Kasson, Minnesota
Lake City, Minnesota
Lake Elmo, Minnesota
Lakeville, Minnesota
Lino Lakes, Minnesota
Litchfield, Minnesota
Little Canada, Minnesota
Little Falls, Minnesota
Mahtomedi, Minnesota
Mankato, Minnesota
Maple Grove, Minnesota
Maplewood, Minnesota
Marshall, Minnesota
Medina, Minnesota
Mendota Heights, Minnesota
Minneapolis, Minnesota
Minnetonka, Minnesota
Minnetrista, Minnesota
Montevideo, Minnesota
Monticello, Minnesota
Moorhead, Minnesota
Morris, Minnesota
Mound, Minnesota
Mounds View, Minnesota
New Brighton, Minnesota
New Hope, Minnesota
New Prague, Minnesota
New Ulm, Minnesota
North Branch, Minnesota
Northfield, Minnesota
North Mankato, Minnesota
North St. Paul, Minnesota
Oakdale, Minnesota
Oak Grove, Minnesota
Orono, Minnesota
Otsego, Minnesota
Owatonna, Minnesota
Plymouth, Minnesota
Prior Lake, Minnesota
Ramsey, Minnesota
Red Wing, Minnesota
Redwood Falls, Minnesota
Richfield, Minnesota
Robbinsdale, Minnesota
Rochester, Minnesota
Rogers, Minnesota
Rosemount, Minnesota
Roseville, Minnesota
St. Anthony, Minnesota
St. Cloud, Minnesota
St. Francis, Minnesota
St. Joseph, Minnesota
St. Louis Park, Minnesota
St. Michael, Minnesota
St. Paul, Minnesota
St. Paul Park, Minnesota
St. Peter, Minnesota
Sartell, Minnesota
Sauk Rapids, Minnesota
Savage, Minnesota
Shakopee, Minnesota
Shoreview, Minnesota
Shorewood, Minnesota
South St. Paul, Minnesota
Spring Lake Park, Minnesota
Stewartville, Minnesota
Stillwater, Minnesota
Thief River Falls, Minnesota
Vadnais Heights, Minnesota
Victoria, Minnesota
Virginia, Minnesota
Waconia, Minnesota
Waite Park, Minnesota
Waseca, Minnesota
West St. Paul, Minnesota
White Bear Lake, Minnesota
Willmar, Minnesota
Winona, Minnesota
Woodbury, Minnesota
Worthington, Minnesota
Wyoming, Minnesota
Zimmerman, Minnesota
Aberdeen, Mississippi
Amory, Mississippi
Batesville, Mississippi
Bay St. Louis, Mississippi
Biloxi, Mississippi
Booneville, Mississippi
Brandon, Mississippi
Brookhaven, Mississippi
Byram, Mississippi
Canton, Mississippi
Carthage, Mississippi
Clarksdale, Mississippi
Cleveland, Mississippi
Clinton, Mississippi
Columbia, Mississippi
Columbus, Mississippi
Corinth, Mississippi
D'Iberville, Mississippi
Flowood, Mississippi
Forest, Mississippi
Gautier, Mississippi
Greenville, Mississippi
Greenwood, Mississippi
Grenada, Mississippi
Gulfport, Mississippi
Hattiesburg, Mississippi
Hernando, Mississippi
Holly Springs, Mississippi
Horn Lake, Mississippi
Indianola, Mississippi
Jackson, Mississippi
Kosciusko, Mississippi
Laurel, Mississippi
Long Beach, Mississippi
Louisville, Mississippi
McComb, Mississippi
Madison, Mississippi
Meridian, Mississippi
Moss Point, Mississippi
Natchez, Mississippi
New Albany, Mississippi
Ocean Springs, Mississippi
Olive Branch, Mississippi
Oxford, Mississippi
Pascagoula, Mississippi
Pearl, Mississippi
Petal, Mississippi
Philadelphia, Mississippi
Picayune, Mississippi
Pontotoc, Mississippi
Richland, Mississippi
Ridgeland, Mississippi
Ripley, Mississippi
Senatobia, Mississippi
Southaven, Mississippi
Starkville, Mississippi
Tupelo, Mississippi
Vicksburg, Mississippi
Waveland, Mississippi
Waynesboro, Mississippi
West Point, Mississippi
Yazoo City, Mississippi
Arnold, Missouri
Aurora, Missouri
Ballwin, Missouri
Battlefield, Missouri
Bellefontaine Neighbors, Missouri
Belton, Missouri
Berkeley, Missouri
Black Jack, Missouri
Blue Springs, Missouri
Bolivar, Missouri
Bonne Terre, Missouri
Boonville, Missouri
Bowling Green, Missouri
Branson, Missouri
Brentwood, Missouri
Bridgeton, Missouri
Cameron, Missouri
Cape Girardeau, Missouri
Carl Junction, Missouri
Carthage, Missouri
Caruthersville, Missouri
Charleston, Missouri
Chesterfield, Missouri
Chillicothe, Missouri
Clayton, Missouri
Clinton, Missouri
Columbia, Missouri
Crestwood, Missouri
Creve Coeur, Missouri
Dardenne Prairie, Missouri
Dellwood, Missouri
De Soto, Missouri
Des Peres, Missouri
Dexter, Missouri
Ellisville, Missouri
Eureka, Missouri
Excelsior Springs, Missouri
Farmington, Missouri
Ferguson, Missouri
Festus, Missouri
Florissant, Missouri
Fulton, Missouri
Gladstone, Missouri
Glendale, Missouri
Grain Valley, Missouri
Grandview, Missouri
Greenwood, Missouri
Hannibal, Missouri
Harrisonville, Missouri
Hazelwood, Missouri
Independence, Missouri
Jackson, Missouri
Jefferson City, Missouri
Jennings, Missouri
Joplin, Missouri
Kansas City, Missouri
Kearney, Missouri
Kennett, Missouri
Kirksville, Missouri
Kirkwood, Missouri
Ladue, Missouri
Lake St. Louis, Missouri
Lebanon, Missouri
Lee's Summit, Missouri
Liberty, Missouri
Macon, Missouri
Manchester, Missouri
Maplewood, Missouri
Marshall, Missouri
Marshfield, Missouri
Maryland Heights, Missouri
Maryville, Missouri
Mexico, Missouri
Moberly, Missouri
Monett, Missouri
Neosho, Missouri
Nevada, Missouri
Nixa, Missouri
Oak Grove, Missouri
Odessa, Missouri
O'Fallon, Missouri
Olivette, Missouri
Overland, Missouri
Ozark, Missouri
Pacific, Missouri
Park Hills, Missouri
Parkville, Missouri
Perryville, Missouri
Pevely, Missouri
Pleasant Hill, Missouri
Poplar Bluff, Missouri
Raymore, Missouri
Raytown, Missouri
Republic, Missouri
Richmond, Missouri
Richmond Heights, Missouri
Rolla, Missouri
St. Ann, Missouri
St. Charles, Missouri
St. John, Missouri
St. Joseph, Missouri
St. Louis, Missouri
St. Peters, Missouri
Savannah, Missouri
Sedalia, Missouri
Shrewsbury, Missouri
Sikeston, Missouri
Smithville, Missouri
Springfield, Missouri
Sullivan, Missouri
Sunset Hills, Missouri
Town and Country, Missouri
Trenton, Missouri
Troy, Missouri
Union, Missouri
University City, Missouri
Valley Park, Missouri
Warrensburg, Missouri
Warrenton, Missouri
Washington, Missouri
Waynesville, Missouri
Webb City, Missouri
Webster Groves, Missouri
Weldon Spring, Missouri
Wentzville, Missouri
West Plains, Missouri
Wildwood, Missouri
Willard, Missouri
Anaconda-Deer Lodge County, Montana
Belgrade, Montana
Billings, Montana
Bozeman, Montana
Butte-Silver Bow (balance), Montana
Glendive, Montana
Great Falls, Montana
Havre, Montana
Helena, Montana
Kalispell, Montana
Laurel, Montana
Lewistown, Montana
Livingston, Montana
Miles City, Montana
Missoula, Montana
Sidney, Montana
Whitefish, Montana
Alliance, Nebraska
Beatrice, Nebraska
Bellevue, Nebraska
Blair, Nebraska
Chadron, Nebraska
Columbus, Nebraska
Crete, Nebraska
Fremont, Nebraska
Gering, Nebraska
Grand Island, Nebraska
Gretna, Nebraska
Hastings, Nebraska
Holdrege, Nebraska
Kearney, Nebraska
La Vista, Nebraska
Lexington, Nebraska
Lincoln, Nebraska
McCook, Nebraska
Nebraska City, Nebraska
Norfolk, Nebraska
North Platte, Nebraska
Omaha, Nebraska
Papillion, Nebraska
Plattsmouth, Nebraska
Ralston, Nebraska
Schuyler, Nebraska
Scottsbluff, Nebraska
Seward, Nebraska
Sidney, Nebraska
South Sioux City, Nebraska
Wayne, Nebraska
York, Nebraska
Boulder City, Nevada
Carson City, Nevada
Elko, Nevada
Fallon, Nevada
Fernley, Nevada
Henderson, Nevada
Las Vegas, Nevada
Mesquite, Nevada
North Las Vegas, Nevada
Reno, Nevada
Sparks, Nevada
Winnemucca, Nevada
Berlin, New Hampshire
Claremont, New Hampshire
Concord, New Hampshire
Dover, New Hampshire
Franklin, New Hampshire
Keene, New Hampshire
Laconia, New Hampshire
Lebanon, New Hampshire
Manchester, New Hampshire
Nashua, New Hampshire
Portsmouth, New Hampshire
Rochester, New Hampshire
Somersworth, New Hampshire
Absecon, New Jersey
Allendale, New Jersey
Asbury Park, New Jersey
Atlantic City, New Jersey
Audubon, New Jersey
Barrington, New Jersey
Bayonne, New Jersey
Beachwood, New Jersey
Bellmawr, New Jersey
Belmar, New Jersey
Bergenfield, New Jersey
Berlin, New Jersey
Bernardsville, New Jersey
Bloomingdale, New Jersey
Bogota, New Jersey
Boonton, New Jersey
Bound Brook, New Jersey
Bridgeton, New Jersey
Brigantine, New Jersey
Burlington, New Jersey
Butler, New Jersey
Caldwell, New Jersey
Camden, New Jersey
Carlstadt, New Jersey
Carteret, New Jersey
Chatham, New Jersey
Clayton, New Jersey
Clementon, New Jersey
Cliffside Park, New Jersey
Clifton, New Jersey
Closter, New Jersey
Collingswood, New Jersey
Cresskill, New Jersey
Dover, New Jersey
Dumont, New Jersey
Dunellen, New Jersey
East Orange, New Jersey
East Rutherford, New Jersey
Eatontown, New Jersey
Edgewater, New Jersey
Elizabeth, New Jersey
Elmwood Park, New Jersey
Emerson, New Jersey
Englewood, New Jersey
Englewood Cliffs, New Jersey
Fair Haven, New Jersey
Fair Lawn, New Jersey
Fairview, New Jersey
Fanwood, New Jersey
Florham Park, New Jersey
Fort Lee, New Jersey
Franklin Lakes, New Jersey
Freehold Township, New Jersey
Garfield, New Jersey
Glassboro, New Jersey
Glen Ridge, New Jersey
Glen Rock, New Jersey
Gloucester City, New Jersey
Guttenberg, New Jersey
Hackensack, New Jersey
Hackettstown, New Jersey
Haddonfield, New Jersey
Haddon Heights, New Jersey
Haledon, New Jersey
Hammonton, New Jersey
Harrison, New Jersey
Hasbrouck Heights, New Jersey
Hawthorne, New Jersey
Highland Park, New Jersey
Hightstown, New Jersey
Hillsdale, New Jersey
Hoboken, New Jersey
Hopatcong, New Jersey
Jamesburg, New Jersey
Jersey City, New Jersey
Keansburg, New Jersey
Kearny, New Jersey
Kenilworth, New Jersey
Keyport, New Jersey
Kinnelon, New Jersey
Leonia, New Jersey
Lincoln Park, New Jersey
Linden, New Jersey
Lindenwold, New Jersey
Linwood, New Jersey
Little Ferry, New Jersey
Little Silver, New Jersey
Lodi, New Jersey
Long Branch, New Jersey
Madison, New Jersey
Manasquan, New Jersey
Manville, New Jersey
Margate City, New Jersey
Matawan, New Jersey
Maywood, New Jersey
Mendham, New Jersey
Metuchen, New Jersey
Middlesex, New Jersey
Midland Park, New Jersey
Milltown, New Jersey
Millville, New Jersey
Montvale, New Jersey
Morris Plains, New Jersey
Morristown, New Jersey
Mountainside, New Jersey
Mount Arlington, New Jersey
Newark, New Jersey
New Brunswick, New Jersey
New Milford, New Jersey
New Providence, New Jersey
Newton, New Jersey
North Arlington, New Jersey
North Caldwell, New Jersey
Northfield, New Jersey
North Haledon, New Jersey
North Plainfield, New Jersey
Norwood, New Jersey
Oakland, New Jersey
Ocean City, New Jersey
Oceanport, New Jersey
Old Tappan, New Jersey
Oradell, New Jersey
Palisades Park, New Jersey
Palmyra, New Jersey
Paramus, New Jersey
Park Ridge, New Jersey
Passaic, New Jersey
Paterson, New Jersey
Paulsboro, New Jersey
Penns Grove, New Jersey
Perth Amboy, New Jersey
Phillipsburg, New Jersey
Pine Hill, New Jersey
Pitman, New Jersey
Plainfield, New Jersey
Pleasantville, New Jersey
Point Pleasant, New Jersey
Pompton Lakes, New Jersey
Princeton, New Jersey
Prospect Park, New Jersey
Rahway, New Jersey
Ramsey, New Jersey
Raritan, New Jersey
Red Bank, New Jersey
Ridgefield, New Jersey
Ridgefield Park, New Jersey
Ridgewood, New Jersey
Ringwood, New Jersey
River Edge, New Jersey
Rockaway, New Jersey
Roseland, New Jersey
Roselle, New Jersey
Roselle Park, New Jersey
Rumson, New Jersey
Runnemede, New Jersey
Rutherford, New Jersey
Salem, New Jersey
Sayreville, New Jersey
Secaucus, New Jersey
Somerdale, New Jersey
Somers Point, New Jersey
Somerville, New Jersey
South Amboy, New Jersey
South Plainfield, New Jersey
South River, New Jersey
Spotswood, New Jersey
Stratford, New Jersey
Summit, New Jersey
Tenafly, New Jersey
Tinton Falls, New Jersey
Totowa, New Jersey
Trenton, New Jersey
Union Beach, New Jersey
Union City, New Jersey
Upper Saddle River, New Jersey
Ventnor City, New Jersey
Vineland, New Jersey
Waldwick, New Jersey
Wallington, New Jersey
Wanaque, New Jersey
Washington, New Jersey
Watchung, New Jersey
Westfield, New Jersey
West Long Branch, New Jersey
West New York, New Jersey
Westwood, New Jersey
Wharton, New Jersey
Wildwood, New Jersey
Woodbury, New Jersey
Woodcliff Lake, New Jersey
Woodland Park, New Jersey
Wood-Ridge, New Jersey
Alamogordo, New Mexico
Albuquerque, New Mexico
Anthony, New Mexico
Artesia, New Mexico
Aztec, New Mexico
Belen, New Mexico
Bernalillo, New Mexico
Bloomfield, New Mexico
Carlsbad, New Mexico
Clovis, New Mexico
Corrales, New Mexico
Deming, New Mexico
Espa隳la, New Mexico
Farmington, New Mexico
Gallup, New Mexico
Grants, New Mexico
Hobbs, New Mexico
Las Cruces, New Mexico
Las Vegas, New Mexico
Los Lunas, New Mexico
Los Ranchos de Albuquerque, New Mexico
Lovington, New Mexico
Portales, New Mexico
Raton, New Mexico
Rio Rancho, New Mexico
Roswell, New Mexico
Ruidoso, New Mexico
Santa Fe, New Mexico
Silver City, New Mexico
Socorro, New Mexico
Sunland Park, New Mexico
Taos, New Mexico
Truth or Consequences, New Mexico
Tucumcari, New Mexico
Airmont, New York
Albany, New York
Albion, New York
Amityville, New York
Amsterdam, New York
Auburn, New York
Babylon, New York
Baldwinsville, New York
Ballston Spa, New York
Batavia, New York
Bath, New York
Bayville, New York
Beacon, New York
Binghamton, New York
Briarcliff Manor, New York
Brockport, New York
Bronxville, New York
Buffalo, New York
Canandaigua (city), New York
Canton, New York
Cedarhurst, New York
Chestnut Ridge, New York
Chittenango, New York
Cohoes, New York
Colonie, New York
Corning, New York
Cortland, New York
Croton-on-Hudson, New York
Depew, New York
Dobbs Ferry, New York
Dunkirk, New York
East Aurora, New York
East Hills, New York
East Rochester, New York
East Rockaway, New York
Elmira, New York
Endicott, New York
Fairport, New York
Farmingdale, New York
Floral Park, New York
Fredonia, New York
Freeport, New York
Fulton County, New York
Garden City, New York
Geneseo, New York
Geneva, New York
Glen Cove, New York
Glens Falls, New York
Gloversville, New York
Goshen, New York
Great Neck, New York
Great Neck Plaza, New York
Hamburg, New York
Harrison, New York
Hastings-on-Hudson, New York
Haverstraw, New York
Hempstead, New York
Herkimer, New York
Hilton, New York
Hornell, New York
Horseheads, New York
Hudson, New York
Hudson Falls, New York
Ilion, New York
Irvington, New York
Ithaca, New York
Jamestown, New York
Johnson City, New York
Johnstown (city), New York
Kenmore, New York
Kings Point, New York
Kingston, New York
Kiryas Joel, New York
Lackawanna, New York
Lake Grove, New York
Lancaster, New York
Larchmont, New York
Lawrence, Nassau County, New York
Lindenhurst, New York
Lockport (city), New York
Long Beach, New York
Lynbrook, New York
Malone, New York
Malverne, New York
Mamaroneck, New York
Manorhaven, New York
Massapequa Park, New York
Massena, New York
Mastic Beach, New York
Mechanicville, New York
Medina, New York
Middletown, Orange County, New York
Mineola, New York
Monroe, New York
Monticello, New York
Mount Kisco, New York
Mount Vernon, New York
Newark, New York
Newburgh, New York
New Hempstead, New York
New Hyde Park, New York
New Paltz, New York
New Rochelle, New York
New Square, New York
New York, New York
Niagara Falls, New York
North Hills, New York
Northport, New York
North Syracuse, New York
North Tonawanda, New York
Norwich, New York
Nyack, New York
Ogdensburg, New York
Olean, New York
Oneida, New York
Oneonta, New York
Ossining (town), New York
Oswego, New York
Patchogue, New York
Peekskill, New York
Pelham, New York
Pelham Manor, New York
Penn Yan, New York
Plattsburgh, New York
Pleasantville, New York
Port Chester, New York
Port Jefferson, New York
Port Jervis, New York
Potsdam, New York
Poughkeepsie, New York
Rensselaer, New York
Rochester, New York
Rockville Centre, New York
Rome, New York
Rye, New York
Rye Brook, New York
Salamanca (city), New York
Saranac Lake, New York
Saratoga Springs, New York
Scarsdale, New York
Schenectady, New York
Scotia, New York
Sea Cliff, New York
Seneca Falls, New York
Sleepy Hollow, New York
Solvay, New York
Spring Valley, New York
Suffern, New York
Syracuse, New York
Tarrytown, New York
Tonawanda, New York
Troy, New York
Tuckahoe, Suffolk County, New York
Utica, New York
Valley Stream, New York
Walden, New York
Wappingers Falls, New York
Warwick, New York
Washingtonville, New York
Waterloo, New York
Watertown, New York
Watervliet, New York
Webster, New York
Wesley Hills, New York
Westbury, New York
West Haverstraw, New York
White Plains, New York
Williamsville, New York
Williston Park, New York
Woodbury, Orange County, New York
Yonkers, New York
Aberdeen, North Carolina
Ahoskie, North Carolina
Albemarle, North Carolina
Apex, North Carolina
Archdale, North Carolina
Asheboro, North Carolina
Asheville, North Carolina
Ayden, North Carolina
Belmont, North Carolina
Bessemer City, North Carolina
Black Mountain, North Carolina
Boiling Spring Lakes, North Carolina
Boone, North Carolina
Brevard, North Carolina
Burlington, North Carolina
Butner, North Carolina
Carolina Beach, North Carolina
Carrboro, North Carolina
Cary, North Carolina
Chapel Hill, North Carolina
Charlotte, North Carolina
Cherryville, North Carolina
Clayton, North Carolina
Clemmons, North Carolina
Clinton, North Carolina
Concord, North Carolina
Conover, North Carolina
Cornelius, North Carolina
Davidson, North Carolina
Dunn, North Carolina
Durham, North Carolina
Eden, North Carolina
Elizabeth City, North Carolina
Elon, North Carolina
Fayetteville, North Carolina
Fletcher, North Carolina
Forest City, North Carolina
Fuquay-Varina, North Carolina
Garner, North Carolina
Gastonia, North Carolina
Gibsonville, North Carolina
Goldsboro, North Carolina
Graham, North Carolina
Greensboro, North Carolina
Greenville, North Carolina
Hamlet, North Carolina
Harrisburg, North Carolina
Havelock, North Carolina
Henderson, North Carolina
Hendersonville, North Carolina
Hickory, North Carolina
High Point, North Carolina
Hillsborough, North Carolina
Holly Springs, North Carolina
Hope Mills, North Carolina
Huntersville, North Carolina
Indian Trail, North Carolina
Jacksonville, North Carolina
Kannapolis, North Carolina
Kernersville, North Carolina
Kill Devil Hills, North Carolina
King, North Carolina
Kings Mountain, North Carolina
Kinston, North Carolina
Knightdale, North Carolina
Laurinburg, North Carolina
Leland, North Carolina
Lenoir, North Carolina
Lewisville, North Carolina
Lexington, North Carolina
Lincolnton, North Carolina
Lumberton, North Carolina
Marion, North Carolina
Marvin, North Carolina
Matthews, North Carolina
Mebane, North Carolina
Mills River, North Carolina
Mint Hill, North Carolina
Mocksville, North Carolina
Monroe, North Carolina
Mooresville, North Carolina
Morehead City, North Carolina
Morganton, North Carolina
Morrisville, North Carolina
Mount Airy, North Carolina
Mount Holly, North Carolina
Nashville, North Carolina
New Bern, North Carolina
Newton, North Carolina
Oak Island, North Carolina
Oak Ridge, North Carolina
Oxford, North Carolina
Pinehurst, North Carolina
Pineville, North Carolina
Raleigh, North Carolina
Reidsville, North Carolina
Roanoke Rapids, North Carolina
Rockingham, North Carolina
Rocky Mount, North Carolina
Roxboro, North Carolina
Salisbury, North Carolina
Sanford, North Carolina
Sawmills, North Carolina
Selma, North Carolina
Shelby, North Carolina
Siler City, North Carolina
Smithfield, North Carolina
Southern Pines, North Carolina
Spring Lake, North Carolina
Stallings, North Carolina
Statesville, North Carolina
Stokesdale, North Carolina
Summerfield, North Carolina
Tarboro, North Carolina
Thomasville, North Carolina
Trinity, North Carolina
Unionville, North Carolina
Wadesboro, North Carolina
Wake Forest, North Carolina
Washington, North Carolina
Waxhaw, North Carolina
Waynesville, North Carolina
Weddington, North Carolina
Wendell, North Carolina
Wesley Chapel, North Carolina
Whiteville, North Carolina
Williamston, North Carolina
Wilmington, North Carolina
Wilson, North Carolina
Winston-Salem, North Carolina
Winterville, North Carolina
Woodfin, North Carolina
Bismarck, North Dakota
Devils Lake, North Dakota
Dickinson, North Dakota
Fargo, North Dakota
Grand Forks, North Dakota
Jamestown, North Dakota
Mandan, North Dakota
Minot, North Dakota
Valley City, North Dakota
Wahpeton, North Dakota
West Fargo, North Dakota
Williston, North Dakota
Ada, Ohio
Akron, Ohio
Alliance, Ohio
Amherst, Ohio
Ashland, Ohio
Ashtabula, Ohio
Athens, Ohio
Aurora, Ohio
Avon, Ohio
Avon Lake, Ohio
Barberton, Ohio
Bay Village, Ohio
Beachwood, Ohio
Beavercreek, Ohio
Bedford, Ohio
Bedford Heights, Ohio
Bellbrook, Ohio
Bellefontaine, Ohio
Bellevue, Ohio
Belpre, Ohio
Berea, Ohio
Bexley, Ohio
Blue Ash, Ohio
Bowling Green, Ohio
Brecksville, Ohio
Broadview Heights, Ohio
Brooklyn, Ohio
Brook Park, Ohio
Brookville, Ohio
Brunswick, Ohio
Bryan, Ohio
Bucyrus, Ohio
Cambridge, Ohio
Campbell, Ohio
Canal Fulton, Ohio
Canal Winchester, Ohio
Canfield, Ohio
Canton, Ohio
Carlisle, Ohio
Celina, Ohio
Centerville, Ohio
Chardon, Ohio
Cheviot, Ohio
Chillicothe, Ohio
Cincinnati, Ohio
Circleville, Ohio
Clayton, Ohio
Cleveland, Ohio
Cleveland Heights, Ohio
Clyde, Ohio
Columbiana, Ohio
Columbus, Ohio
Conneaut, Ohio
Cortland, Ohio
Coshocton, Ohio
Cuyahoga Falls, Ohio
Dayton, Ohio
Deer Park, Ohio
Defiance, Ohio
Delaware, Ohio
Delphos, Ohio
Dover, Ohio
Dublin, Ohio
East Cleveland, Ohio
Eastlake, Ohio
East Liverpool, Ohio
Eaton, Ohio
Elyria, Ohio
Englewood, Ohio
Euclid, Ohio
Fairborn, Ohio
Fairfield, Ohio
Fairlawn, Ohio
Fairview Park, Ohio
Findlay, Ohio
Forest Park, Ohio
Fostoria, Ohio
Franklin, Ohio
Fremont, Ohio
Gahanna, Ohio
Galion, Ohio
Garfield Heights, Ohio
Geneva, Ohio
Germantown, Ohio
Girard, Ohio
Grafton, Ohio
Grandview Heights, Ohio
Granville, Ohio
Green, Ohio
Greenville, Ohio
Grove City, Ohio
Groveport, Ohio
Hamilton, Ohio
Harrison, Ohio
Heath, Ohio
Highland Heights, Ohio
Hilliard, Ohio
Hillsboro, Ohio
Hubbard, Ohio
Huber Heights, Ohio
Hudson, Ohio
Huron, Ohio
Independence, Ohio
Ironton, Ohio
Jackson, Ohio
Kent, Ohio
Kenton, Ohio
Kettering, Ohio
Kirtland, Ohio
Lakewood, Ohio
Lancaster, Ohio
Lebanon, Ohio
Lima, Ohio
Logan, Ohio
London, Ohio
Lorain, Ohio
Louisville, Ohio
Loveland, Ohio
Lyndhurst, Ohio
Macedonia, Ohio
Madeira, Ohio
Mansfield, Ohio
Maple Heights, Ohio
Marietta, Ohio
Marion, Ohio
Martins Ferry, Ohio
Marysville, Ohio
Mason, Ohio
Massillon, Ohio
Maumee, Ohio
Mayfield Heights, Ohio
Medina, Ohio
Mentor, Ohio
Mentor-on-the-Lake, Ohio
Miamisburg, Ohio
Middleburg Heights, Ohio
Middletown, Ohio
Milford, Ohio
Monroe, Ohio
Montgomery, Ohio
Moraine, Ohio
Mount Healthy, Ohio
Mount Vernon, Ohio
Napoleon, Ohio
Nelsonville, Ohio
New Albany, Ohio
Newark, Ohio
New Carlisle, Ohio
New Franklin, Ohio
New Philadelphia, Ohio
Niles, Ohio
North Canton, Ohio
North College Hill, Ohio
North Olmsted, Ohio
North Ridgeville, Ohio
North Royalton, Ohio
Northwood, Ohio
Norton, Ohio
Norwalk, Ohio
Norwood, Ohio
Oakwood, Montgomery County, Ohio
Oberlin, Ohio
Olmsted Falls, Ohio
Ontario, Ohio
Oregon, Ohio
Orrville, Ohio
Oxford, Ohio
Painesville, Ohio
Parma, Ohio
Parma Heights, Ohio
Pataskala, Ohio
Pepper Pike, Ohio
Perrysburg, Ohio
Pickerington, Ohio
Piqua, Ohio
Port Clinton, Ohio
Portsmouth, Ohio
Powell, Ohio
Ravenna, Ohio
Reading, Ohio
Reynoldsburg, Ohio
Richmond Heights, Ohio
Rittman, Ohio
Riverside, Ohio
Rocky River, Ohio
Rossford, Ohio
St. Clairsville, Ohio
St. Marys, Ohio
Salem, Ohio
Sandusky, Ohio
Seven Hills, Ohio
Shaker Heights, Ohio
Sharonville, Ohio
Sheffield Lake, Ohio
Shelby, Ohio
Sidney, Ohio
Solon, Ohio
South Euclid, Ohio
Springboro, Ohio
Springdale, Ohio
Springfield, Ohio
Steubenville, Ohio
Stow, Ohio
Streetsboro, Ohio
Strongsville, Ohio
Struthers, Ohio
Sylvania, Ohio
Tallmadge, Ohio
The Village of Indian Hill, Ohio
Tiffin, Ohio
Tipp City, Ohio
Toledo, Ohio
Trenton, Ohio
Trotwood, Ohio
Troy, Ohio
Twinsburg, Ohio
Uhrichsville, Ohio
Union, Ohio
University Heights, Ohio
Upper Arlington, Ohio
Upper Sandusky, Ohio
Urbana, Ohio
Vandalia, Ohio
Van Wert, Ohio
Vermilion, Ohio
Wadsworth, Ohio
Wapakoneta, Ohio
Warren, Ohio
Warrensville Heights, Ohio
Washington Court House, Ohio
Waterville, Ohio
Wauseon, Ohio
Wellston, Ohio
West Carrollton, Ohio
Westerville, Ohio
Westlake, Ohio
Whitehall, Ohio
Wickliffe, Ohio
Willard, Ohio
Willoughby, Ohio
Willoughby Hills, Ohio
Willowick, Ohio
Wilmington, Ohio
Wooster, Ohio
Worthington, Ohio
Wyoming, Ohio
Xenia, Ohio
Youngstown, Ohio
Zanesville, Ohio
Ada, Oklahoma
Altus, Oklahoma
Anadarko, Oklahoma
Ardmore, Oklahoma
Bartlesville, Oklahoma
Bethany, Oklahoma
Bixby, Oklahoma
Blackwell, Oklahoma
Blanchard, Oklahoma
Broken Arrow, Oklahoma
Catoosa, Oklahoma
Chickasha, Oklahoma
Choctaw, Oklahoma
Claremore, Oklahoma
Clinton, Oklahoma
Collinsville, Oklahoma
Coweta, Oklahoma
Cushing, Oklahoma
Del City, Oklahoma
Duncan, Oklahoma
Durant, Oklahoma
Edmond, Oklahoma
Elk City, Oklahoma
El Reno, Oklahoma
Enid, Oklahoma
Glenpool, Oklahoma
Grove, Oklahoma
Guthrie, Oklahoma
Guymon, Oklahoma
Harrah, Oklahoma
Henryetta, Oklahoma
Holdenville, Oklahoma
Hugo, Oklahoma
Idabel, Oklahoma
Jenks, Oklahoma
Lawton, Oklahoma
Lone Grove, Oklahoma
McAlester, Oklahoma
Miami, Oklahoma
Midwest City, Oklahoma
Moore, Oklahoma
Muskogee, Oklahoma
Mustang, Oklahoma
Newcastle, Oklahoma
Noble, Oklahoma
Norman, Oklahoma
Oklahoma City, Oklahoma
Okmulgee, Oklahoma
Owasso, Oklahoma
Pauls Valley, Oklahoma
Perry, Oklahoma
Piedmont, Oklahoma
Ponca City, Oklahoma
Poteau, Oklahoma
Pryor Creek, Oklahoma
Purcell, Oklahoma
Sallisaw, Oklahoma
Sand Springs, Oklahoma
Sapulpa, Oklahoma
Seminole, Oklahoma
Shawnee, Oklahoma
Skiatook, Oklahoma
Stillwater, Oklahoma
Tahlequah, Oklahoma
Tecumseh, Oklahoma
The Village, Oklahoma
Tulsa, Oklahoma
Tuttle, Oklahoma
Vinita, Oklahoma
Wagoner, Oklahoma
Warr Acres, Oklahoma
Weatherford, Oklahoma
Woodward, Oklahoma
Yukon, Oklahoma
Albany, Oregon
Ashland, Oregon
Astoria, Oregon
Baker City, Oregon
Beaverton, Oregon
Bend, Oregon
Brookings, Oregon
Canby, Oregon
Central Point, Oregon
Coos Bay, Oregon
Cornelius, Oregon
Corvallis, Oregon
Cottage Grove, Oregon
Creswell, Oregon
Dallas, Oregon
Damascus, Oregon
Eagle Point, Oregon
Eugene, Oregon
Fairview, Oregon
Florence, Oregon
Forest Grove, Oregon
Gladstone, Oregon
Grants Pass, Oregon
Gresham, Oregon
Happy Valley, Oregon
Hermiston, Oregon
Hillsboro, Oregon
Hood River, Oregon
Independence, Oregon
Junction City, Oregon
Keizer, Oregon
Klamath Falls, Oregon
La Grande, Oregon
Lake Oswego, Oregon
Lebanon, Oregon
Lincoln City, Oregon
McMinnville, Oregon
Madras, Oregon
Medford, Oregon
Milton-Freewater, Oregon
Milwaukie, Oregon
Molalla, Oregon
Monmouth, Oregon
Newberg, Oregon
Newport, Oregon
North Bend, Oregon
Ontario, Oregon
Oregon City, Oregon
Pendleton, Oregon
Portland, Oregon
Prineville, Oregon
Redmond, Oregon
Roseburg, Oregon
St. Helens, Oregon
Salem, Oregon
Sandy, Oregon
Scappoose, Oregon
Seaside, Oregon
Sheridan, Oregon
Sherwood, Oregon
Silverton, Oregon
Springfield, Oregon
Stayton, Oregon
Sutherlin, Oregon
Sweet Home, Oregon
Talent, Oregon
The Dalles, Oregon
Tigard, Oregon
Troutdale, Oregon
Tualatin, Oregon
Umatilla, Oregon
Warrenton, Oregon
West Linn, Oregon
Wilsonville, Oregon
Winston, Oregon
Woodburn, Oregon
Aliquippa, Pennsylvania
Allentown, Pennsylvania
Altoona, Pennsylvania
Ambler, Pennsylvania
Ambridge, Pennsylvania
Archbald, Pennsylvania
Arnold, Pennsylvania
Baldwin, Pennsylvania
Bangor, Pennsylvania
Beaver Falls, Pennsylvania
Bellefonte, Pennsylvania
Bellevue, Pennsylvania
Berwick, Pennsylvania
Bethel Park, Pennsylvania
Bethlehem, Pennsylvania
Birdsboro, Pennsylvania
Blakely, Pennsylvania
Bloomsburg, Pennsylvania
Bradford, Pennsylvania
Brentwood, Pennsylvania
Bridgeville, Pennsylvania
Bristol, Pennsylvania
Brookhaven, Pennsylvania
Butler, Pennsylvania
California, Pennsylvania
Camp Hill, Pennsylvania
Canonsburg, Pennsylvania
Carbondale, Pennsylvania
Carlisle, Pennsylvania
Carnegie, Pennsylvania
Castle Shannon, Pennsylvania
Catasauqua, Pennsylvania
Chambersburg, Pennsylvania
Chester, Pennsylvania
Clairton, Pennsylvania
Clarion, Pennsylvania
Clarks Summit, Pennsylvania
Clearfield, Pennsylvania
Clifton Heights, Pennsylvania
Coatesville, Pennsylvania
Collegeville, Pennsylvania
Collingdale, Pennsylvania
Columbia, Pennsylvania
Connellsville, Pennsylvania
Conshohocken, Pennsylvania
Coraopolis, Pennsylvania
Corry, Pennsylvania
Crafton, Pennsylvania
Darby, Pennsylvania
Dickson City, Pennsylvania
Dormont, Pennsylvania
Downingtown, Pennsylvania
Doylestown, Pennsylvania
DuBois, Pennsylvania
Dunmore, Pennsylvania
Duquesne, Pennsylvania
Easton, Pennsylvania
East Stroudsburg, Pennsylvania
Economy, Pennsylvania
Edinboro, Pennsylvania
Elizabethtown, Pennsylvania
Ellwood City, Pennsylvania
Emmaus, Pennsylvania
Ephrata, Pennsylvania
Erie, Pennsylvania
Exeter, Pennsylvania
Folcroft, Pennsylvania
Forest Hills, Pennsylvania
Fox Chapel, Pennsylvania
Franklin, Pennsylvania
Franklin Park, Pennsylvania
Gettysburg, Pennsylvania
Glenolden, Pennsylvania
Greensburg, Pennsylvania
Greenville, Pennsylvania
Grove City, Pennsylvania
Hanover, Pennsylvania
Harrisburg, Pennsylvania
Hatboro, Pennsylvania
Hazleton, Pennsylvania
Hellertown, Pennsylvania
Hermitage, Pennsylvania
Hollidaysburg, Pennsylvania
Huntingdon, Pennsylvania
Indiana, Pennsylvania
Jeannette, Pennsylvania
Jefferson Hills, Pennsylvania
Johnstown, Pennsylvania
Kennett Square, Pennsylvania
Kingston, Pennsylvania
Kutztown, Pennsylvania
Lancaster, Pennsylvania
Lansdale, Pennsylvania
Lansdowne, Pennsylvania
Latrobe, Pennsylvania
Lebanon, Pennsylvania
Lehighton, Pennsylvania
Lewisburg, Pennsylvania
Lewistown, Pennsylvania
Lititz, Pennsylvania
Lock Haven, Pennsylvania
Lower Burrell, Pennsylvania
McKeesport, Pennsylvania
McKees Rocks, Pennsylvania
Meadville, Pennsylvania
Mechanicsburg, Pennsylvania
Media, Pennsylvania
Middletown, Dauphin County, Pennsylvania
Millersville, Pennsylvania
Milton, Pennsylvania
Monaca, Pennsylvania
Monessen, Pennsylvania
Monroeville, Pennsylvania
Moosic, Pennsylvania
Morrisville, Bucks County, Pennsylvania
Mount Carmel, Pennsylvania
Mount Joy, Pennsylvania
Munhall, Pennsylvania
Murrysville, Pennsylvania
Nanticoke, Pennsylvania
Nazareth, Pennsylvania
New Brighton, Pennsylvania
New Castle, Pennsylvania
New Cumberland, Pennsylvania
New Holland, Pennsylvania
New Kensington, Pennsylvania
Norristown, Pennsylvania
Northampton, Pennsylvania
Norwood, Pennsylvania
Oakmont, Pennsylvania
Oil City, Pennsylvania
Old Forge, Lackawanna County, Pennsylvania
Olyphant, Pennsylvania
Oxford, Pennsylvania
Palmerton, Pennsylvania
Palmyra, Pennsylvania
Perkasie, Pennsylvania
Philadelphia, Pennsylvania
Phoenixville, Pennsylvania
Pittsburgh, Pennsylvania
Pittston, Pennsylvania
Pleasant Hills, Pennsylvania
Plum, Pennsylvania
Plymouth, Pennsylvania
Pottstown, Pennsylvania
Pottsville, Pennsylvania
Prospect Park, Pennsylvania
Punxsutawney, Pennsylvania
Quakertown, Pennsylvania
Reading, Pennsylvania
Red Lion, Pennsylvania
Ridley Park, Pennsylvania
St. Marys, Pennsylvania
Sayre, Pennsylvania
Schuylkill Haven, Pennsylvania
Scranton, Pennsylvania
Selinsgrove, Pennsylvania
Shamokin, Pennsylvania
Sharon, Pennsylvania
Sharon Hill, Pennsylvania
Shillington, Pennsylvania
Shippensburg, Pennsylvania
Somerset, Pennsylvania
Souderton, Pennsylvania
South Williamsport, Pennsylvania
State College, Pennsylvania
Steelton, Pennsylvania
Stroudsburg, Pennsylvania
Sugarcreek, Pennsylvania
Sunbury, Pennsylvania
Swarthmore, Pennsylvania
Swissvale, Pennsylvania
Swoyersville, Pennsylvania
Tamaqua, Pennsylvania
Taylor, Pennsylvania
Titusville, Pennsylvania
Turtle Creek, Pennsylvania
Tyrone, Pennsylvania
Uniontown, Pennsylvania
Vandergrift, Pennsylvania
Warren, Pennsylvania
Washington, Pennsylvania
Waynesboro, Pennsylvania
West Chester, Pennsylvania
West Mifflin, Pennsylvania
Westmont, Pennsylvania
West View, Pennsylvania
Whitehall, Allegheny County, Pennsylvania
White Oak, Pennsylvania
Wilkes-Barre, Pennsylvania
Wilkinsburg, Pennsylvania
Williamsport, Pennsylvania
Wilson, Pennsylvania
Wyomissing, Pennsylvania
Yeadon, Pennsylvania
York, Pennsylvania
Central Falls, Rhode Island
Cranston, Rhode Island
East Providence, Rhode Island
Newport, Rhode Island
Pawtucket, Rhode Island
Providence, Rhode Island
Warwick, Rhode Island
Woonsocket, Rhode Island
Abbeville, South Carolina
Aiken, South Carolina
Anderson, South Carolina
Batesburg-Leesville, South Carolina
Beaufort, South Carolina
Bennettsville, South Carolina
Bluffton, South Carolina
Camden, South Carolina
Cayce, South Carolina
Central, South Carolina
Charleston, South Carolina
Cheraw, South Carolina
Chester, South Carolina
Clemson, South Carolina
Clinton, South Carolina
Clover, South Carolina
Columbia, South Carolina
Conway, South Carolina
Darlington, South Carolina
Dillon, South Carolina
Easley, South Carolina
Florence, South Carolina
Forest Acres, South Carolina
Fort Mill, South Carolina
Fountain Inn, South Carolina
Gaffney, South Carolina
Georgetown, South Carolina
Goose Creek, South Carolina
Greenville, South Carolina
Greenwood, South Carolina
Greer, South Carolina
Hanahan, South Carolina
Hartsville, South Carolina
Hilton Head Island, South Carolina
Irmo, South Carolina
Lake City, South Carolina
Lancaster, South Carolina
Laurens, South Carolina
Lexington, South Carolina
Marion, South Carolina
Mauldin, South Carolina
Moncks Corner, South Carolina
Mount Pleasant, South Carolina
Myrtle Beach, South Carolina
Newberry, South Carolina
North Augusta, South Carolina
North Charleston, South Carolina
North Myrtle Beach, South Carolina
Orangeburg, South Carolina
Port Royal, South Carolina
Rock Hill, South Carolina
Seneca, South Carolina
Simpsonville, South Carolina
Spartanburg, South Carolina
Summerville, South Carolina
Sumter, South Carolina
Tega Cay, South Carolina
Union, South Carolina
Walterboro, South Carolina
West Columbia, South Carolina
York, South Carolina
Aberdeen, South Dakota
Belle Fourche, South Dakota
Box Elder, South Dakota
Brandon, South Dakota
Brookings, South Dakota
Huron, South Dakota
Madison, South Dakota
Mitchell, South Dakota
Pierre, South Dakota
Rapid City, South Dakota
Sioux Falls, South Dakota
Spearfish, South Dakota
Sturgis, South Dakota
Vermillion, South Dakota
Watertown, South Dakota
Yankton, South Dakota
Alcoa, Tennessee
Arlington, Tennessee
Athens, Tennessee
Atoka, Tennessee
Bartlett, Tennessee
Bolivar, Tennessee
Brentwood, Tennessee
Bristol, Tennessee
Brownsville, Tennessee
Chattanooga, Tennessee
Church Hill, Tennessee
Clarksville, Tennessee
Cleveland, Tennessee
Clinton, Tennessee
Collegedale, Tennessee
Collierville, Tennessee
Columbia, Tennessee
Cookeville, Tennessee
Covington, Tennessee
Crossville, Tennessee
Dayton, Tennessee
Dickson, Tennessee
Dyersburg, Tennessee
East Ridge, Tennessee
Elizabethton, Tennessee
Erwin, Tennessee
Fairview, Tennessee
Farragut, Tennessee
Fayetteville, Tennessee
Franklin, Tennessee
Gallatin, Tennessee
Germantown, Tennessee
Goodlettsville, Tennessee
Greenbrier, Tennessee
Greeneville, Tennessee
Harriman, Tennessee
Hartsville/Trousdale County, Tennessee
Henderson, Tennessee
Hendersonville, Tennessee
Humboldt, Tennessee
Jackson, Tennessee
Jefferson City, Tennessee
Johnson City, Tennessee
Jonesborough, Tennessee
Kingsport, Tennessee
Kingston, Tennessee
Knoxville, Tennessee
La Follette, Tennessee
Lakeland, Tennessee
La Vergne, Tennessee
Lawrenceburg, Tennessee
Lebanon, Tennessee
Lenoir City, Tennessee
Lewisburg, Tennessee
Lexington, Tennessee
Loudon, Tennessee
Lynchburg, Tennessee
McKenzie, Tennessee
McMinnville, Tennessee
Manchester, Tennessee
Martin, Tennessee
Maryville, Tennessee
Memphis, Tennessee
Milan, Tennessee
Millersville, Tennessee
Millington, Tennessee
Morristown, Tennessee
Mount Carmel, Tennessee
Mount Juliet, Tennessee
Munford, Tennessee
Murfreesboro, Tennessee
Nashville, Tennessee
Newport, Tennessee
Nolensville, Tennessee
Oakland, Tennessee
Oak Ridge, Tennessee
Paris, Tennessee
Pigeon Forge, Tennessee
Portland, Tennessee
Pulaski, Tennessee
Red Bank, Tennessee
Ripley, Tennessee
Rockwood, Tennessee
Savannah, Tennessee
Sevierville, Tennessee
Shelbyville, Tennessee
Signal Mountain, Tennessee
Smyrna, Tennessee
Soddy-Daisy, Tennessee
Sparta, Tennessee
Springfield, Tennessee
Spring Hill, Tennessee
Sweetwater, Tennessee
Tullahoma, Tennessee
Union City, Tennessee
White House, Tennessee
Winchester, Tennessee
Abilene, Texas
Addison, Texas
Alamo, Texas
Alamo Heights, Texas
Alice, Texas
Allen, Texas
Alpine, Texas
Alton, Texas
Alvin, Texas
Amarillo, Texas
Andrews, Texas
Angleton, Texas
Anna, Texas
Anthony, Texas
Aransas Pass, Texas
Arlington, Texas
Athens, Texas
Atlanta, Texas
Austin, Texas
Azle, Texas
Balch Springs, Texas
Bastrop, Texas
Bay City, Texas
Baytown, Texas
Beaumont, Texas
Bedford, Texas
Beeville, Texas
Bellaire, Texas
Bellmead, Texas
Belton, Texas
Benbrook, Texas
Big Spring, Texas
Boerne, Texas
Bonham, Texas
Borger, Texas
Bowie, Texas
Brady, Texas
Breckenridge, Texas
Brenham, Texas
Bridge City, Texas
Bridgeport, Texas
Brownfield, Texas
Brownsville, Texas
Brownwood, Texas
Bryan, Texas
Buda, Texas
Burkburnett, Texas
Burleson, Texas
Burnet, Texas
Cameron, Texas
Canyon, Texas
Carrizo Springs, Texas
Carrollton, Texas
Carthage, Texas
Cedar Hill, Texas
Cedar Park, Texas
Celina, Texas
Center, Texas
Childress, Texas
Cibolo, Texas
Cleburne, Texas
Cleveland, Texas
Clute, Texas
College Station, Texas
Colleyville, Texas
Commerce, Texas
Conroe, Texas
Converse, Texas
Coppell, Texas
Copperas Cove, Texas
Corinth, Texas
Corpus Christi, Texas
Corsicana, Texas
Crockett, Texas
Crowley, Texas
Crystal City, Texas
Cuero, Texas
Dalhart, Texas
Dallas, Texas
Dayton, Texas
Decatur, Texas
Deer Park, Texas
Del Rio, Texas
Denison, Texas
Denton, Texas
DeSoto, Texas
Dickinson, Texas
Donna, Texas
Dumas, Texas
Duncanville, Texas
Eagle Pass, Texas
Edinburg, Texas
Edna, Texas
El Campo, Texas
Elgin, Texas
El Paso, Texas
Elsa, Texas
Ennis, Texas
Euless, Texas
Everman, Texas
Fair Oaks Ranch, Texas
Fairview, Texas
Farmers Branch, Texas
Fate, Texas
Floresville, Texas
Flower Mound, Texas
Forest Hill, Texas
Forney, Texas
Fort Stockton, Texas
Fort Worth, Texas
Fredericksburg, Texas
Freeport, Texas
Friendswood, Texas
Frisco, Texas
Gainesville, Texas
Galena Park, Texas
Galveston, Texas
Garland, Texas
Gatesville, Texas
Georgetown, Texas
Gilmer, Texas
Gladewater, Texas
Glenn Heights, Texas
Gonzales, Texas
Graham, Texas
Granbury, Texas
Grand Prairie, Texas
Grapevine, Texas
Greenville, Texas
Groves, Texas
Gun Barrel City, Texas
Haltom City, Texas
Harker Heights, Texas
Harlingen, Texas
Heath, Texas
Helotes, Texas
Hempstead, Texas
Henderson, Texas
Hereford, Texas
Hewitt, Texas
Hidalgo, Texas
Highland Park, Texas
Highland Village, Texas
Hillsboro, Texas
Hitchcock, Texas
Hondo, Texas
Horizon City, Texas
Houston, Texas
Humble, Texas
Huntsville, Texas
Hurst, Texas
Hutchins, Texas
Hutto, Texas
Ingleside, Texas
Iowa Park, Texas
Irving, Texas
Jacinto City, Texas
Jacksonville, Texas
Jasper, Texas
Jersey Village, Texas
Joshua, Texas
Katy, Texas
Kaufman, Texas
Keene, Texas
Keller, Texas
Kennedale, Texas
Kermit, Texas
Kerrville, Texas
Kilgore, Texas
Killeen, Texas
Kingsville, Texas
Kirby, Texas
Kyle, Texas
Lacy-Lakeview, Texas
La Feria, Texas
Lago Vista, Texas
Lake Dallas, Texas
Lake Jackson, Texas
Lakeway, Texas
La Marque, Texas
Lamesa, Texas
Lampasas, Texas
Lancaster, Texas
La Porte, Texas
Laredo, Texas
League City, Texas
Leander, Texas
Leon Valley, Texas
Levelland, Texas
Lewisville, Texas
Liberty, Texas
Lindale, Texas
Little Elm, Texas
Littlefield, Texas
Live Oak, Texas
Livingston, Texas
Lockhart, Texas
Longview, Texas
Los Fresnos, Texas
Lubbock, Texas
Lucas, Texas
Lufkin, Texas
Luling, Texas
Lumberton, Texas
McAllen, Texas
McGregor, Texas
McKinney, Texas
Manor, Texas
Mansfield, Texas
Manvel, Texas
Marble Falls, Texas
Marlin, Texas
Marshall, Texas
Melissa, Texas
Mercedes, Texas
Mesquite, Texas
Mexia, Texas
Midland, Texas
Midlothian, Texas
Mineral Wells, Texas
Mission, Texas
Missouri City, Texas
Monahans, Texas
Mount Pleasant, Texas
Muleshoe, Texas
Murphy, Texas
Nacogdoches, Texas
Navasota, Texas
Nederland, Texas
New Braunfels, Texas
North Richland Hills, Texas
Odessa, Texas
Orange, Texas
Palestine, Texas
Palmview, Texas
Pampa, Texas
Paris, Texas
Pasadena, Texas
Pearland, Texas
Pearsall, Texas
Pecos, Texas
Perryton, Texas
Pflugerville, Texas
Pharr, Texas
Plainview, Texas
Plano, Texas
Pleasanton, Texas
Port Arthur, Texas
Port Isabel, Texas
Portland, Texas
Port Lavaca, Texas
Port Neches, Texas
Post, Texas
Prairie View, Texas
Princeton, Texas
Progreso, Texas
Prosper, Texas
Raymondville, Texas
Red Oak, Texas
Richardson, Texas
Richland Hills, Texas
Richmond, Texas
Rio Grande City, Texas
River Oaks, Texas
Roanoke, Texas
Robinson, Texas
Robstown, Texas
Rockdale, Texas
Rockport, Texas
Rockwall, Texas
Roma, Texas
Rosenberg, Texas
Round Rock, Texas
Rowlett, Texas
Royse City, Texas
Rusk, Texas
Sachse, Texas
Saginaw, Texas
San Angelo, Texas
San Antonio, Texas
San Benito, Texas
Sanger, Texas
San Juan, Texas
San Marcos, Texas
Santa Fe, Texas
Schertz, Texas
Seabrook, Texas
Seagoville, Texas
Sealy, Texas
Seguin, Texas
Selma, Texas
Seminole, Texas
Sherman, Texas
Silsbee, Texas
Sinton, Texas
Slaton, Texas
Snyder, Texas
Socorro, Texas
South Houston, Texas
Southlake, Texas
Stafford, Texas
Stephenville, Texas
Sugar Land, Texas
Sulphur Springs, Texas
Sunnyvale, Texas
Sweetwater, Texas
Taylor, Texas
Temple, Texas
Terrell, Texas
Terrell Hills, Texas
Texarkana, Texas
Texas City, Texas
The Colony, Texas
Tomball, Texas
Trophy Club, Texas
Tyler, Texas
Universal City, Texas
University Park, Texas
Uvalde, Texas
Vernon, Texas
Victoria, Texas
Vidor, Texas
Waco, Texas
Wake Village, Texas
Watauga, Texas
Waxahachie, Texas
Weatherford, Texas
Webster, Texas
Weslaco, Texas
West University Place, Texas
Wharton, Texas
Whitehouse, Texas
White Oak, Texas
White Settlement, Texas
Wichita Falls, Texas
Willis, Texas
Windcrest, Texas
Woodway, Texas
Wylie, Texas
Yoakum, Texas
Alpine, Utah
American Fork, Utah
Bluffdale, Utah
Bountiful, Utah
Brigham City, Utah
Cedar City, Utah
Cedar Hills, Utah
Centerville, Utah
Clearfield, Utah
Clinton, Utah
Cottonwood Heights, Utah
Draper, Utah
Eagle Mountain, Utah
Enoch, Utah
Ephraim, Utah
Farmington, Utah
Farr West, Utah
Fruit Heights, Utah
Grantsville, Utah
Harrisville, Utah
Heber, Utah
Herriman, Utah
Highland, Utah
Holladay, Utah
Hooper, Utah
Hurricane, Utah
Hyrum, Utah
Ivins, Utah
Kaysville, Utah
Layton, Utah
Lehi, Utah
Lindon, Utah
Logan, Utah
Mapleton, Utah
Midvale, Utah
Moab, Utah
Murray, Utah
Nephi, Utah
Nibley, Utah
North Logan, Utah
North Ogden, Utah
North Salt Lake, Utah
Ogden, Utah
Orem, Utah
Park City, Utah
Payson, Utah
Plain City, Utah
Pleasant Grove, Utah
Pleasant View, Utah
Price, Utah
Providence, Utah
Provo, Utah
Richfield, Utah
Riverdale, Utah
Riverton, Utah
Roosevelt, Utah
Roy, Utah
St. George, Utah
Salem, Utah
Salt Lake City, Utah
Sandy, Utah
Santa Clara, Utah
Santaquin, Utah
Saratoga Springs, Utah
Smithfield, Utah
South Jordan, Utah
South Ogden, Utah
South Salt Lake, Utah
South Weber, Utah
Spanish Fork, Utah
Springville, Utah
Sunset, Utah
Syracuse, Utah
Taylorsville, Utah
Tooele, Utah
Tremonton, Utah
Vernal, Utah
Washington, Utah
Washington Terrace, Utah
West Bountiful, Utah
West Haven, Utah
West Jordan, Utah
West Point, Utah
West Valley City, Utah
Woods Cross, Utah
Barre (city), Vermont
Burlington, Vermont
Essex Junction, Vermont
Montpelier, Vermont
Rutland (city), Vermont
St. Albans, Vermont
South Burlington, Vermont
Winooski, Vermont
Abingdon, Virginia
Alexandria, Virginia
Ashland, Virginia
Bedford, Virginia
Big Stone Gap, Virginia
Blacksburg, Virginia
Bluefield, Virginia
Bridgewater, Virginia
Bristol, Virginia
Buena Vista, Virginia
Charlottesville, Virginia
Chesapeake, Virginia
Christiansburg, Virginia
Colonial Heights, Virginia
Covington, Virginia
Culpeper, Virginia
Danville, Virginia
Dumfries, Virginia
Emporia, Virginia
Fairfax, Virginia
Falls Church, Virginia
Farmville, Virginia
Franklin, Virginia
Fredericksburg, Virginia
Front Royal, Virginia
Galax, Virginia
Hampton, Virginia
Harrisonburg, Virginia
Herndon, Virginia
Hopewell, Virginia
Leesburg, Virginia
Lexington, Virginia
Lynchburg, Virginia
Manassas, Virginia
Manassas Park, Virginia
Marion, Virginia
Martinsville, Virginia
Newport News, Virginia
Norfolk, Virginia
Petersburg, Virginia
Poquoson, Virginia
Portsmouth, Virginia
Pulaski, Virginia
Purcellville, Virginia
Radford, Virginia
Richlands, Virginia
Richmond, Virginia
Roanoke, Virginia
Salem, Virginia
Smithfield, Virginia
South Boston, Virginia
Staunton, Virginia
Strasburg, Virginia
Suffolk, Virginia
Vienna, Virginia
Vinton, Virginia
Virginia Beach, Virginia
Warrenton, Virginia
Waynesboro, Virginia
Williamsburg, Virginia
Winchester, Virginia
Woodstock, Virginia
Wytheville, Virginia
Aberdeen, Washington
Airway Heights, Washington
Anacortes, Washington
Arlington, Washington
Auburn, Washington
Bainbridge Island, Washington
Battle Ground, Washington
Bellevue, Washington
Bellingham, Washington
Bonney Lake, Washington
Bothell, Washington
Bremerton, Washington
Brier, Washington
Burien, Washington
Burlington, Washington
Camas, Washington
Centralia, Washington
Chehalis, Washington
Cheney, Washington
Clarkston, Washington
College Place, Washington
Connell, Washington
Covington, Washington
Des Moines, Washington
DuPont, Washington
Duvall, Washington
East Wenatchee, Washington
Edgewood, Washington
Edmonds, Washington
Ellensburg, Washington
Enumclaw, Washington
Ephrata, Washington
Everett, Washington
Federal Way, Washington
Ferndale, Washington
Fife, Washington
Fircrest, Washington
Gig Harbor, Washington
Grandview, Washington
Hoquiam, Washington
Issaquah, Washington
Kelso, Washington
Kenmore, Washington
Kennewick, Washington
Kent, Washington
Kirkland, Washington
Lacey, Washington
Lake Forest Park, Washington
Lake Stevens, Washington
Lakewood, Washington
Liberty Lake, Washington
Longview, Washington
Lynden, Washington
Lynnwood, Washington
Maple Valley, Washington
Marysville, Washington
Mercer Island, Washington
Mill Creek, Washington
Milton, Washington
Monroe, Washington
Moses Lake, Washington
Mountlake Terrace, Washington
Mount Vernon, Washington
Mukilteo, Washington
Newcastle, Washington
Normandy Park, Washington
North Bend, Washington
Oak Harbor, Washington
Ocean Shores, Washington
Olympia, Washington
Orting, Washington
Othello, Washington
Pacific, Washington
Pasco, Washington
Port Angeles, Washington
Port Orchard, Washington
Port Townsend, Washington
Poulsbo, Washington
Prosser, Washington
Pullman, Washington
Puyallup, Washington
Quincy, Washington
Redmond, Washington
Renton, Washington
Richland, Washington
Ridgefield, Washington
Sammamish, Washington
SeaTac, Washington
Seattle, Washington
Sedro-Woolley, Washington
Selah, Washington
Sequim, Washington
Shelton, Washington
Shoreline, Washington
Snohomish, Washington
Snoqualmie, Washington
Spokane, Washington
Spokane Valley, Washington
Stanwood, Washington
Steilacoom, Washington
Sumner, Washington
Sunnyside, Washington
Tacoma, Washington
Toppenish, Washington
Tukwila, Washington
Tumwater, Washington
Union Gap, Washington
University Place, Washington
Vancouver, Washington
Walla Walla, Washington
Wapato, Washington
Washougal, Washington
Wenatchee, Washington
West Richland, Washington
Woodinville, Washington
Woodland, Washington
Yakima, Washington
Yelm, Washington
Beckley, West Virginia
Bluefield, West Virginia
Bridgeport, West Virginia
Buckhannon, West Virginia
Charleston, West Virginia
Charles Town, West Virginia
Clarksburg, West Virginia
Dunbar, West Virginia
Elkins, West Virginia
Fairmont, West Virginia
Grafton, West Virginia
Huntington, West Virginia
Hurricane, West Virginia
Keyser, West Virginia
Martinsburg, West Virginia
Morgantown, West Virginia
Moundsville, West Virginia
New Martinsville, West Virginia
Nitro, West Virginia
Oak Hill, West Virginia
Parkersburg, West Virginia
Princeton, West Virginia
St. Albans, West Virginia
South Charleston, West Virginia
Vienna, West Virginia
Weirton, West Virginia
Wheeling, West Virginia
Allouez, Wisconsin
Altoona, Wisconsin
Antigo, Wisconsin
Appleton, Wisconsin
Ashland, Wisconsin
Ashwaubenon, Wisconsin
Baraboo, Wisconsin
Beaver Dam, Wisconsin
Bellevue, Wisconsin
Beloit, Wisconsin
Berlin, Wisconsin
Brookfield, Wisconsin
Brown Deer, Wisconsin
Burlington, Wisconsin
Caledonia, Wisconsin
Cedarburg, Wisconsin
Chippewa Falls, Wisconsin
Columbus, Wisconsin
Cottage Grove, Wisconsin
Cudahy, Wisconsin
DeForest, Wisconsin
Delafield, Wisconsin
Delavan, Wisconsin
De Pere, Wisconsin
Eau Claire, Wisconsin
Edgerton, Wisconsin
Elkhorn, Wisconsin
Elm Grove, Wisconsin
Evansville, Wisconsin
Fitchburg, Wisconsin
Fond du Lac, Wisconsin
Fort Atkinson, Wisconsin
Fox Point, Wisconsin
Franklin, Milwaukee County, Wisconsin
Germantown, Wisconsin
Glendale, Wisconsin
Grafton, Wisconsin
Green Bay, Wisconsin
Greendale, Wisconsin
Greenfield, Wisconsin
Hales Corners, Wisconsin
Hartford, Wisconsin
Hartland, Wisconsin
Hobart, Wisconsin
Holmen, Wisconsin
Howard, Wisconsin
Hudson, Wisconsin
Jackson County, Wisconsin
Janesville, Wisconsin
Jefferson, Wisconsin
Kaukauna, Wisconsin
Kenosha, Wisconsin
Kimberly, Wisconsin
Kronenwetter, Wisconsin
La Crosse, Wisconsin
Lake Geneva, Wisconsin
Lake Hallie, Wisconsin
Lake Mills, Wisconsin
Little Chute, Wisconsin
McFarland, Wisconsin
Madison, Wisconsin
Manitowoc, Wisconsin
Marinette, Wisconsin
Marshfield, Wisconsin
Mayville, Wisconsin
Menasha, Wisconsin
Menomonee Falls, Wisconsin
Menomonie, Wisconsin
Mequon, Wisconsin
Merrill, Wisconsin
Middleton, Wisconsin
Milton, Wisconsin
Milwaukee, Wisconsin
Monona, Wisconsin
Monroe, Wisconsin
Mount Horeb, Wisconsin
Mount Pleasant, Wisconsin
Mukwonago, Wisconsin
Muskego, Wisconsin
Neenah, Wisconsin
New Berlin, Wisconsin
New London, Wisconsin
New Richmond, Wisconsin
Oak Creek, Wisconsin
Oconomowoc, Wisconsin
Onalaska, Wisconsin
Oregon, Wisconsin
Oshkosh, Wisconsin
Pewaukee, Wisconsin
Pewaukee, Wisconsin
Platteville, Wisconsin
Pleasant Prairie, Wisconsin
Plover, Wisconsin
Plymouth, Wisconsin
Portage, Wisconsin
Port Washington, Wisconsin
Prairie du Chien, Wisconsin
Racine, Wisconsin
Reedsburg, Wisconsin
Rhinelander, Wisconsin
Rice Lake, Wisconsin
Richfield, Washington County, Wisconsin
Richland Center, Wisconsin
Ripon, Wisconsin
River Falls, Wisconsin
Rothschild, Wisconsin
St. Francis, Wisconsin
Shawano, Wisconsin
Sheboygan, Wisconsin
Sheboygan Falls, Wisconsin
Shorewood, Wisconsin
Slinger, Wisconsin
South Milwaukee, Wisconsin
Sparta, Wisconsin
Stevens Point, Wisconsin
Stoughton, Wisconsin
Sturgeon Bay, Wisconsin
Sturtevant, Wisconsin
Suamico, Wisconsin
Sun Prairie, Wisconsin
Superior, Wisconsin
Sussex, Wisconsin
Tomah, Wisconsin
Twin Lakes, Wisconsin
Two Rivers, Wisconsin
Verona, Wisconsin
Waterford, Wisconsin
Watertown, Wisconsin
Waukesha, Wisconsin
Waunakee, Wisconsin
Waupaca, Wisconsin
Waupun, Wisconsin
Wausau, Wisconsin
Wauwatosa, Wisconsin
West Allis, Wisconsin
West Bend, Wisconsin
Weston, Wisconsin
Whitefish Bay, Wisconsin
Whitewater, Wisconsin
Wisconsin Rapids, Wisconsin
Casper, Wyoming
Cheyenne, Wyoming
Cody, Wyoming
Douglas, Wyoming
Evanston, Wyoming
Gillette, Wyoming
Green River, Wyoming
Jackson, Wyoming
Lander, Wyoming
Laramie, Wyoming
Powell, Wyoming
Rawlins, Wyoming
Riverton, Wyoming
Rock Springs, Wyoming
Sheridan, Wyoming
Torrington, Wyoming
Worland, Wyoming
